index,NOMBRE_DE_POZO,NOMBRE_DEL_ELEMENTO_GEOLOGICO,MNEMONICO_DEL_ELEMENTO_GEOLOGICO,TIPO_UNIDAD_ESTRATIGRAFICA,CIMA_(md),BASE_(md),"NIVEL_DE_REFERENCIA
"
0,MOLOACAN-1,CONCEPCION SUPERIOR,CNSR,FMN,0,75,MR
1,MOLOACAN-1,CONCEPCION INFERIOR,CNIR,FMN,75,185,MR
2,MOLOACAN-1,ENCANTO,ENCT,FMN,185,412,MR
3,MOLOACAN-1,OLIGOCENO,OLGN,FMN,412,471,MR
4,MOLOACAN-101,CONCEPCION SUPERIOR,CNSR,FMN,0,80,MR
5,MOLOACAN-101,CONCEPCION INFERIOR,CNIR,FMN,80,190,MR
6,MOLOACAN-101,ENCANTO,ENCT,FMN,190,520,MR
7,MOLOACAN-102,CONCEPCION SUPERIOR,CNSR,FMN,0,32,MR
8,MOLOACAN-102,CONCEPCION INFERIOR,CNIR,FMN,32,183,MR
9,MOLOACAN-102,ENCANTO,ENCT,FMN,183,557,MR
10,MOLOACAN-102A,CONCEPCION INFERIOR,CNIR,FMN,0,235,MR
11,MOLOACAN-102A,ENCANTO,ENCT,FMN,235,625,MR
12,MOLOACAN-11,CONCEPCION SUPERIOR,CNSR,FMN,0,214,MR
13,MOLOACAN-11,ENCANTO,ENCT,FMN,214,614,MR
14,MOLOACAN-111,CONCEPCION SUPERIOR,CNSR,FMN,0,60,MR
15,MOLOACAN-111,CONCEPCION INFERIOR,CNIR,FMN,60,180,MR
16,MOLOACAN-111,ENCANTO,ENCT,FMN,180,476,MR
17,MOLOACAN-112,CONCEPCION SUPERIOR,CNSR,FMN,0,100,MR
18,MOLOACAN-112,CONCEPCION INFERIOR,CNIR,FMN,100,245,MR
19,MOLOACAN-112,ENCANTO,ENCT,FMN,245,600,MR
20,MOLOACAN-113,CONCEPCION SUPERIOR,CNSR,FMN,0,55,MR
21,MOLOACAN-113,CONCEPCION INFERIOR,CNIR,FMN,55,245,MR
22,MOLOACAN-113,ENCANTO,ENCT,FMN,245,690,MR
23,MOLOACAN-113,OLIGOCENO,OLGN,FMN,690,890,MR
24,MOLOACAN-113,EOCENO,EOCN,FMN,890,892,MR
25,MOLOACAN-113,ANHIDRITA,ANHI,FMN,892,930,MR
26,MOLOACAN-121,CONCEPCION SUPERIOR,CNSR,FMN,0,60,MR
27,MOLOACAN-121,CONCEPCION INFERIOR,CNIR,FMN,60,195,MR
28,MOLOACAN-121,ENCANTO,ENCT,FMN,195,525,MR
29,MOLOACAN-122,CONCEPCION SUPERIOR,CNSR,FMN,0,110,MR
30,MOLOACAN-122,CONCEPCION INFERIOR,CNIR,FMN,110,235,MR
31,MOLOACAN-122,ENCANTO,ENCT,FMN,235,591,MR
32,MOLOACAN-131,CONCEPCION SUPERIOR,CNSR,FMN,0,232,MR
33,MOLOACAN-131,ENCANTO,ENCT,FMN,232,704,MR
34,MOLOACAN-132,CONCEPCION SUPERIOR,CNSR,FMN,0,85,MR
35,MOLOACAN-132,CONCEPCION INFERIOR,CNIR,FMN,85,265,MR
36,MOLOACAN-132,ENCANTO,ENCT,FMN,265,545,MR
37,MOLOACAN-132,DEPOSITO,DPST,FMN,545,605,MR
38,MOLOACAN-132,LA LAJA,LLJA,FMN,605,635,MR
39,MOLOACAN-133,CONCEPCION SUPERIOR,CNSR,FMN,0,95,MR
40,MOLOACAN-133,CONCEPCION INFERIOR,CNIR,FMN,95,235,MR
41,MOLOACAN-133,ENCANTO,ENCT,FMN,235,645,MR
42,MOLOACAN-1400,FILISOLA,FLSL,FMN,0,303,MR
43,MOLOACAN-1400,CONCEPCION SUPERIOR,CNSR,FMN,303,430,MR
44,MOLOACAN-1400,CONCEPCION INFERIOR,CNIR,FMN,430,536,MR
45,MOLOACAN-1400,ENCANTO,ENCT,FMN,536,1025,MR
46,MOLOACAN-142,CONCEPCION SUPERIOR,CNSR,FMN,0,94,MR
47,MOLOACAN-142,CONCEPCION INFERIOR,CNIR,FMN,94,238,MR
48,MOLOACAN-142,ENCANTO,ENCT,FMN,238,603,MR
49,MOLOACAN-15,CONCEPCION SUPERIOR,CNSR,FMN,0,90,MR
50,MOLOACAN-15,CONCEPCION INFERIOR,CNIR,FMN,90,220,MR
51,MOLOACAN-15,ENCANTO,ENCT,FMN,220,430,MR
52,MOLOACAN-15,DEPOSITO,DPST,FMN,430,546,MR
53,MOLOACAN-166,CONCEPCION INFERIOR,CNIR,FMN,0,210,MR
54,MOLOACAN-166,ENCANTO,ENCT,FMN,210,600,MR
55,MOLOACAN-186,CONCEPCION INFERIOR,CNIR,FMN,0,217,MR
56,MOLOACAN-186,ENCANTO,ENCT,FMN,217,625,MR
57,MOLOACAN-192,CONCEPCION INFERIOR,CNIR,FMN,0,98,MR
58,MOLOACAN-192,ENCANTO,ENCT,FMN,98,638,MR
59,MOLOACAN-192,DEPOSITO,DPST,FMN,638,785,MR
60,MOLOACAN-2,CONCEPCION SUPERIOR,CNSR,FMN,0,30,MR
61,MOLOACAN-2,CONCEPCION INFERIOR,CNIR,FMN,30,175,MR
62,MOLOACAN-2,ENCANTO,ENCT,FMN,175,450,MR
63,MOLOACAN-2,DEPOSITO,DPST,FMN,450,648,MR
64,MOLOACAN-21,CONCEPCION SUPERIOR,CNSR,FMN,0,55,MR
65,MOLOACAN-21,CONCEPCION INFERIOR,CNIR,FMN,55,250,MR
66,MOLOACAN-21,ENCANTO,ENCT,FMN,250,546,MR
67,MOLOACAN-21,DEPOSITO,DPST,FMN,546,556,MR
68,MOLOACAN-25,CONCEPCION SUPERIOR,CNSR,FMN,0,112,MR
69,MOLOACAN-25,CONCEPCION INFERIOR,CNIR,FMN,112,250,MR
70,MOLOACAN-25,ENCANTO,ENCT,FMN,250,440,MR
71,MOLOACAN-25,DEPOSITO,DPST,FMN,440,450,MR
72,MOLOACAN-25,LA LAJA,LLJA,FMN,450,486,MR
73,MOLOACAN-292,CONCEPCION SUPERIOR,CNSR,FMN,0,102,MR
74,MOLOACAN-292,CONCEPCION INFERIOR,CNIR,FMN,102,277,MR
75,MOLOACAN-292,ENCANTO,ENCT,FMN,277,700,MR
76,MOLOACAN-3,CONCEPCION SUPERIOR,CNSR,FMN,0,50,MR
77,MOLOACAN-3,CONCEPCION INFERIOR,CNIR,FMN,50,169,MR
78,MOLOACAN-3,ENCANTO,ENCT,FMN,169,460,MR
79,MOLOACAN-303,CONCEPCION SUPERIOR,CNSR,FMN,0,15,MR
80,MOLOACAN-303,CONCEPCION INFERIOR,CNIR,FMN,15,155,MR
81,MOLOACAN-303,ENCANTO,ENCT,FMN,155,410,MR
82,MOLOACAN-304,CONCEPCION SUPERIOR,CNSR,FMN,0,177,MR
83,MOLOACAN-304,CONCEPCION INFERIOR,CNIR,FMN,177,212,MR
84,MOLOACAN-304,ENCANTO,ENCT,FMN,212,672,MR
85,MOLOACAN-304,OLIGOCENO,OLGN,FMN,672,705,MR
86,MOLOACAN-304,ANHIDRITA,ANHI,FMN,705,705,MR
87,MOLOACAN-305,CONCEPCION INFERIOR,CNIR,FMN,0,127,MR
88,MOLOACAN-305,ENCANTO,ENCT,FMN,127,621,MR
89,MOLOACAN-305,OLIGOCENO,OLGN,FMN,621,716,MR
90,MOLOACAN-305,ANHIDRITA,ANHI,FMN,716,719,MR
91,MOLOACAN-306,CONCEPCION INFERIOR,CNIR,FMN,0,155,MR
92,MOLOACAN-306,ENCANTO,ENCT,FMN,155,601,MR
93,MOLOACAN-306,ANHIDRITA,ANHI,FMN,601,601,MR
94,MOLOACAN-307,FILISOLA,FLSL,FMN,0,205,MR
95,MOLOACAN-307,CONCEPCION SUPERIOR,CNSR,FMN,205,300,MR
96,MOLOACAN-307,CONCEPCION INFERIOR,CNIR,FMN,300,490,MR
97,MOLOACAN-307,ENCANTO,ENCT,FMN,490,995,MR
98,MOLOACAN-307,OLIGOCENO,OLGN,FMN,995,1361,MR
99,MOLOACAN-307,ANHIDRITA,ANHI,FMN,1361,1375,MR
100,MOLOACAN-308,CONCEPCION SUPERIOR,CNSR,FMN,0,85,MR
101,MOLOACAN-308,CONCEPCION INFERIOR,CNIR,FMN,85,230,MR
102,MOLOACAN-308,ENCANTO,ENCT,FMN,230,705,MR
103,MOLOACAN-308,ENCANTO,ENCT,FMN,230,705,MR
104,MOLOACAN-308,OLIGOCENO,OLGN,FMN,705,800,MR
105,MOLOACAN-309,PARAJE SOLO,PJSL,FMN,0,305,MR
106,MOLOACAN-309,FILISOLA,FLSL,FMN,305,500,MR
107,MOLOACAN-309,CONCEPCION SUPERIOR,CNSR,FMN,500,595,MR
108,MOLOACAN-309,CONCEPCION INFERIOR,CNIR,FMN,595,795,MR
109,MOLOACAN-309,ENCANTO,ENCT,FMN,795,1300,MR
110,MOLOACAN-309,OLIGOCENO,OLGN,FMN,1300,1624,MR
111,MOLOACAN-309,ANHIDRITA,ANHI,FMN,1624,1643,MR
112,MOLOACAN-309,CONCEPCION INFERIOR,CNIR,FMN,1643,1643,MR
113,MOLOACAN-310,CONCEPCION SUPERIOR,CNSR,FMN,0,202,MR
114,MOLOACAN-310,ENCANTO,ENCT,FMN,202,670,MR
115,MOLOACAN-310,OLIGOCENO,OLGN,FMN,670,700,MR
116,MOLOACAN-311,FILISOLA,FLSL,FMN,0,275,MR
117,MOLOACAN-311,CONCEPCION INFERIOR,CNIR,FMN,275,402,MR
118,MOLOACAN-311,ENCANTO,ENCT,FMN,402,750,MR
119,MOLOACAN-312,CONCEPCION SUPERIOR,CNSR,FMN,0,317,MR
120,MOLOACAN-312,ENCANTO,ENCT,FMN,317,712,MR
121,MOLOACAN-312,OLIGOCENO,OLGN,FMN,712,845,MR
122,MOLOACAN-312,ANHIDRITA,ANHI,FMN,845,850,MR
123,MOLOACAN-313,CONCEPCION SUPERIOR,CNSR,FMN,0,176,MR
124,MOLOACAN-313,ENCANTO,ENCT,FMN,176,635,MR
125,MOLOACAN-313,OLIGOCENO,OLGN,FMN,635,650,MR
126,MOLOACAN-314,FILISOLA,FLSL,FMN,0,194,MR
127,MOLOACAN-314,CONCEPCION INFERIOR,CNIR,FMN,194,332,MR
128,MOLOACAN-314,ENCANTO,ENCT,FMN,332,680,MR
129,MOLOACAN-315,CONCEPCION SUPERIOR,CNSR,FMN,0,205,MR
130,MOLOACAN-315,ENCANTO,ENCT,FMN,205,550,MR
131,MOLOACAN-316,FILISOLA,FLSL,FMN,0,222,MR
132,MOLOACAN-316,CONCEPCION INFERIOR,CNIR,FMN,222,301,MR
133,MOLOACAN-316,ENCANTO,ENCT,FMN,301,495,MR
134,MOLOACAN-317,CONCEPCION SUPERIOR,CNSR,FMN,0,224,MR
135,MOLOACAN-317,ENCANTO,ENCT,FMN,224,650,MR
136,MOLOACAN-318,CONCEPCION SUPERIOR,CNSR,FMN,0,188,MR
137,MOLOACAN-318,ENCANTO,ENCT,FMN,188,632,MR
138,MOLOACAN-318,OLIGOCENO,OLGN,FMN,632,650,MR
139,MOLOACAN-319,CONCEPCION SUPERIOR,CNSR,FMN,0,155,MR
140,MOLOACAN-319,ENCANTO,ENCT,FMN,155,630,MR
141,MOLOACAN-319,OLIGOCENO,OLGN,FMN,630,650,MR
142,MOLOACAN-320,CONCEPCION SUPERIOR,CNSR,FMN,0,178,MR
143,MOLOACAN-320,ENCANTO,ENCT,FMN,178,600,MR
144,MOLOACAN-321,CONCEPCION SUPERIOR,CNSR,FMN,0,137,MR
145,MOLOACAN-321,CONCEPCION INFERIOR,CNIR,FMN,137,270,MR
146,MOLOACAN-321,ENCANTO,ENCT,FMN,270,630,MR
147,MOLOACAN-322,CONCEPCION SUPERIOR,CNSR,FMN,0,152,MR
148,MOLOACAN-322,ENCANTO,ENCT,FMN,152,597,MR
149,MOLOACAN-322,OLIGOCENO,OLGN,FMN,597,650,MR
150,MOLOACAN-323,CONCEPCION INFERIOR,CNIR,FMN,0,155,MR
151,MOLOACAN-323,ENCANTO,ENCT,FMN,155,600,MR
152,MOLOACAN-324,FILISOLA,FLSL,FMN,0,144,MR
153,MOLOACAN-324,ENCANTO,ENCT,FMN,144,569,MR
154,MOLOACAN-324,OLIGOCENO,OLGN,FMN,569,662,MR
155,MOLOACAN-324,ANHIDRITA,ANHI,FMN,662,662,MR
156,MOLOACAN-325,CONCEPCION INFERIOR,CNIR,FMN,0,147,MR
157,MOLOACAN-325,ENCANTO,ENCT,FMN,147,550,MR
158,MOLOACAN-326,CONCEPCION SUPERIOR,CNSR,FMN,0,216,MR
159,MOLOACAN-326,ENCANTO,ENCT,FMN,216,560,MR
160,MOLOACAN-327,CONCEPCION SUPERIOR,CNSR,FMN,0,155,MR
161,MOLOACAN-327,ENCANTO,ENCT,FMN,155,624,MR
162,MOLOACAN-327,OLIGOCENO,OLGN,FMN,624,650,MR
163,MOLOACAN-328,FILISOLA,FLSL,FMN,0,263,MR
164,MOLOACAN-328,ENCANTO,ENCT,FMN,263,693,MR
165,MOLOACAN-328,OLIGOCENO,OLGN,FMN,693,811,MR
166,MOLOACAN-328,ANHIDRITA,ANHI,FMN,811,816,MR
167,MOLOACAN-329,CONCEPCION INFERIOR,CNIR,FMN,0,173,MR
168,MOLOACAN-329,ENCANTO,ENCT,FMN,173,600,MR
169,MOLOACAN-330,CONCEPCION SUPERIOR,CNSR,FMN,0,184,MR
170,MOLOACAN-330,ENCANTO,ENCT,FMN,184,580,MR
171,MOLOACAN-331,CONCEPCION SUPERIOR,CNSR,FMN,0,125,MR
172,MOLOACAN-331,CONCEPCION INFERIOR,CNIR,FMN,125,250,MR
173,MOLOACAN-331,ENCANTO,ENCT,FMN,250,610,MR
174,MOLOACAN-332,CONCEPCION SUPERIOR,CNSR,FMN,0,134,MR
175,MOLOACAN-332,CONCEPCION INFERIOR,CNIR,FMN,134,254,MR
176,MOLOACAN-332,ENCANTO,ENCT,FMN,254,739,MR
177,MOLOACAN-332,OLIGOCENO,OLGN,FMN,739,800,MR
178,MOLOACAN-333,CONCEPCION SUPERIOR,CNSR,FMN,0,177,MR
179,MOLOACAN-333,CONCEPCION INFERIOR,CNIR,FMN,177,306,MR
180,MOLOACAN-333,ENCANTO,ENCT,FMN,306,550,MR
181,MOLOACAN-334,FILISOLA,FLSL,FMN,0,245,MR
182,MOLOACAN-334,CONCEPCION INFERIOR,CNIR,FMN,245,390,MR
183,MOLOACAN-334,ENCANTO,ENCT,FMN,390,800,MR
184,MOLOACAN-335,CONCEPCION SUPERIOR,CNSR,FMN,0,230,MR
185,MOLOACAN-335,CONCEPCION INFERIOR,CNIR,FMN,230,365,MR
186,MOLOACAN-335,ENCANTO,ENCT,FMN,365,600,MR
187,MOLOACAN-336,CONCEPCION SUPERIOR,CNSR,FMN,0,230,MR
188,MOLOACAN-336,CONCEPCION INFERIOR,CNIR,FMN,230,375,MR
189,MOLOACAN-336,ENCANTO,ENCT,FMN,375,550,MR
190,MOLOACAN-337,CONCEPCION SUPERIOR,CNSR,FMN,0,138,MR
191,MOLOACAN-337,CONCEPCION INFERIOR,CNIR,FMN,138,262,MR
192,MOLOACAN-337,ENCANTO,ENCT,FMN,262,625,MR
193,MOLOACAN-338,CONCEPCION SUPERIOR,CNSR,FMN,0,200,MR
194,MOLOACAN-338,CONCEPCION INFERIOR,CNIR,FMN,200,325,MR
195,MOLOACAN-338,ENCANTO,ENCT,FMN,325,800,MR
196,MOLOACAN-338D,CONCEPCION SUPERIOR,CNSR,FMN,0,200,MR
197,MOLOACAN-338D,CONCEPCION INFERIOR,CNIR,FMN,200,325,MR
198,MOLOACAN-338D,ENCANTO,ENCT,FMN,325,470,MR
199,MOLOACAN-339,CONCEPCION INFERIOR,CNIR,FMN,0,145,MR
200,MOLOACAN-339,ENCANTO,ENCT,FMN,145,550,MR
201,MOLOACAN-340,CONCEPCION SUPERIOR,CNIR,FMN,0,139,MR
202,MOLOACAN-340,ENCANTO,ENCT,FMN,139,550,MR
203,MOLOACAN-341,CONCEPCION SUPERIOR,CNSR,FMN,0,224,MR
204,MOLOACAN-341,ENCANTO,ENCT,FMN,224,650,MR
205,MOLOACAN-342,CONCEPCION SUPERIOR,CNSR,FMN,0,139,MR
206,MOLOACAN-342,ENCANTO,ENCT,FMN,139,500,MR
207,MOLOACAN-343,CONCEPCION SUPERIOR,CNSR,FMN,0,113,MR
208,MOLOACAN-343,ENCANTO,ENCT,FMN,113,550,MR
209,MOLOACAN-344,CONCEPCION INFERIOR,CNIR,FMN,0,148,MR
210,MOLOACAN-344,ENCANTO,ENCT,FMN,148,550,MR
211,MOLOACAN-345,CONCEPCION SUPERIOR,CNSR,FMN,0,210,MR
212,MOLOACAN-345,ENCANTO,ENCT,FMN,210,600,MR
213,MOLOACAN-346,CONCEPCION SUPERIOR,CNSR,FMN,0,227,MR
214,MOLOACAN-346,ENCANTO,ENCT,FMN,227,600,MR
215,MOLOACAN-347,CONCEPCION SUPERIOR,CNSR,FMN,0,153,MR
216,MOLOACAN-347,CONCEPCION INFERIOR,CNIR,FMN,153,267,MR
217,MOLOACAN-347,ENCANTO,ENCT,FMN,267,700,MR
218,MOLOACAN-348,CONCEPCION SUPERIOR,CNSR,FMN,0,220,MR
219,MOLOACAN-348,ENCANTO,ENCT,FMN,220,600,MR
220,MOLOACAN-349,CONCEPCION SUPERIOR,CNSR,FMN,0,224,MR
221,MOLOACAN-349,ENCANTO,ENCT,FMN,224,675,MR
222,MOLOACAN-350,CONCEPCION SUPERIOR,CNSR,FMN,0,75,MR
223,MOLOACAN-350,CONCEPCION INFERIOR,CNIR,FMN,75,200,MR
224,MOLOACAN-350,ENCANTO,ENCT,FMN,200,525,MR
225,MOLOACAN-351,CONCEPCION SUPERIOR,CNSR,FMN,0,133,MR
226,MOLOACAN-351,CONCEPCION INFERIOR,CNIR,FMN,133,222,MR
227,MOLOACAN-351,ENCANTO,ENCT,FMN,222,650,MR
228,MOLOACAN-352,FILISOLA,FLSL,FMN,0,236,MR
229,MOLOACAN-352,CONCEPCION INFERIOR,CNIR,FMN,236,369,MR
230,MOLOACAN-352,ENCANTO,ENCT,FMN,369,650,MR
231,MOLOACAN-353,CONCEPCION SUPERIOR,CNSR,FMN,0,178,MR
232,MOLOACAN-353,CONCEPCION INFERIOR,CNIR,FMN,178,323,MR
233,MOLOACAN-353,ENCANTO,ENCT,FMN,323,650,MR
234,MOLOACAN-354,CONCEPCION INFERIOR,CNIR,FMN,0,124,MR
235,MOLOACAN-354,ENCANTO,ENCT,FMN,124,550,MR
236,MOLOACAN-355,CONCEPCION SUPERIOR,CNSR,FMN,0,23,MR
237,MOLOACAN-355,CONCEPCION INFERIOR,CNIR,FMN,23,148,MR
238,MOLOACAN-355,ENCANTO,ENCT,FMN,148,525,MR
239,MOLOACAN-356,CONCEPCION SUPERIOR,CNSR,FMN,0,55,MR
240,MOLOACAN-356,CONCEPCION INFERIOR,CNIR,FMN,55,180,MR
241,MOLOACAN-356,ENCANTO,ENCT,FMN,180,599,MR
242,MOLOACAN-356,OLIGOCENO,OLGN,FMN,599,600,MR
243,MOLOACAN-357,CONCEPCION SUPERIOR,CNSR,FMN,0,175,MR
244,MOLOACAN-357,ENCANTO,ENCT,FMN,175,568,MR
245,MOLOACAN-357,OLIGOCENO,OLGN,FMN,568,696,MR
246,MOLOACAN-357,ANHIDRITA,ANHI,FMN,696,697,MR
247,MOLOACAN-358,CONCEPCION SUPERIOR,CNSR,FMN,0,102,MR
248,MOLOACAN-358,CONCEPCION INFERIOR,CNIR,FMN,102,210,MR
249,MOLOACAN-358,ENCANTO,ENCT,FMN,210,600,MR
250,MOLOACAN-359,CONCEPCION INFERIOR,CNIR,FMN,0,138,MR
251,MOLOACAN-359,ENCANTO,ENCT,FMN,138,574,MR
252,MOLOACAN-359,OLIGOCENO,OLGN,FMN,574,692,MR
253,MOLOACAN-360,CONCEPCION SUPERIOR,CNSR,FMN,0,147,MR
254,MOLOACAN-360,CONCEPCION INFERIOR,CNIR,FMN,147,258,MR
255,MOLOACAN-360,ENCANTO,ENCT,FMN,258,680,MR
256,MOLOACAN-361,CONCEPCION SUPERIOR,CNSR,FMN,0,221,MR
257,MOLOACAN-361,CONCEPCION INFERIOR,CNIR,FMN,221,330,MR
258,MOLOACAN-361,ENCANTO,ENCT,FMN,330,785,MR
259,MOLOACAN-361,OLIGOCENO,OLGN,FMN,785,906,MR
260,MOLOACAN-361,ANHIDRITA,ANHI,FMN,906,909,MR
261,MOLOACAN-362,CONCEPCION INFERIOR,CNIR,FMN,0,143,MR
262,MOLOACAN-362,ENCANTO,ENCT,FMN,143,550,MR
263,MOLOACAN-363,CONCEPCION SUPERIOR,CNSR,FMN,0,172,MR
264,MOLOACAN-363,ENCANTO,ENCT,FMN,172,450,MR
265,MOLOACAN-364,CONCEPCION INFERIOR,CNIR,FMN,0,149,MR
266,MOLOACAN-364,ENCANTO,ENCT,FMN,149,500,MR
267,MOLOACAN-365,CONCEPCION INFERIOR,CNIR,FMN,0,125,MR
268,MOLOACAN-365,ENCANTO,ENCT,FMN,125,500,MR
269,MOLOACAN-366,CONCEPCION SUPERIOR,CNSR,FMN,0,225,MR
270,MOLOACAN-366,ENCANTO,ENCT,FMN,225,621,MR
271,MOLOACAN-366,OLIGOCENO,OLGN,FMN,621,653,MR
272,MOLOACAN-366,ANHIDRITA,ANHI,FMN,653,666,MR
273,MOLOACAN-367,CONCEPCION SUPERIOR,CNSR,FMN,0,53,MR
274,MOLOACAN-367,CONCEPCION INFERIOR,CNIR,FMN,53,161,MR
275,MOLOACAN-367,ENCANTO,ENCT,FMN,161,600,MR
276,MOLOACAN-368,CONCEPCION SUPERIOR,CNSR,FMN,0,66,MR
277,MOLOACAN-368,CONCEPCION INFERIOR,CNIR,FMN,66,182,MR
278,MOLOACAN-368,ENCANTO,ENCT,FMN,182,654,MR
279,MOLOACAN-368,OLIGOCENO,OLGN,FMN,654,746,MR
280,MOLOACAN-368,ANHIDRITA,ANHI,FMN,746,763,MR
281,MOLOACAN-369,CONCEPCION SUPERIOR,CNSR,FMN,0,125,MR
282,MOLOACAN-369,CONCEPCION INFERIOR,CNIR,FMN,125,247,MR
283,MOLOACAN-369,ENCANTO,ENCT,FMN,247,675,MR
284,MOLOACAN-370,CONCEPCION SUPERIOR,CNSR,FMN,0,103,MR
285,MOLOACAN-370,CONCEPCION INFERIOR,CNIR,FMN,103,225,MR
286,MOLOACAN-370,ENCANTO,ENCT,FMN,225,640,MR
287,MOLOACAN-370,OLIGOCENO,OLGN,FMN,640,749,MR
288,MOLOACAN-370,ANHIDRITA,ANHI,FMN,749,750,MR
289,MOLOACAN-371,CONCEPCION SUPERIOR,CNSR,FMN,0,169,MR
290,MOLOACAN-371,CONCEPCION INFERIOR,CNIR,FMN,169,291,MR
291,MOLOACAN-371,ENCANTO,ENCT,FMN,291,525,MR
292,MOLOACAN-372,CONCEPCION SUPERIOR,CNSR,FMN,0,198,MR
293,MOLOACAN-372,CONCEPCION INFERIOR,CNIR,FMN,198,321,MR
294,MOLOACAN-372,ENCANTO,ENCT,FMN,321,800,MR
295,MOLOACAN-373,CONCEPCION SUPERIOR,CNSR,FMN,0,215,MR
296,MOLOACAN-373,CONCEPCION INFERIOR,CNIR,FMN,215,350,MR
297,MOLOACAN-373,ENCANTO,ENCT,FMN,350,869,MR
298,MOLOACAN-373,OLIGOCENO,OLGN,FMN,869,981,MR
299,MOLOACAN-373,ANHIDRITA,ANHI,FMN,981,982,MR
300,MOLOACAN-374,PARAJE SOLO,PJSL,FMN,0,176,MR
301,MOLOACAN-374,FILISOLA,FLSL,FMN,176,235,MR
302,MOLOACAN-374,CONCEPCION SUPERIOR,CNSR,FMN,235,270,MR
303,MOLOACAN-374,CONCEPCION INFERIOR,CNIR,FMN,270,411,MR
304,MOLOACAN-374,ENCANTO,ENCT,FMN,411,465,MR
305,MOLOACAN-374,OLIGOCENO,OLGN,FMN,465,699,MR
306,MOLOACAN-375,CONCEPCION INFERIOR,CNIR,FMN,0,158,MR
307,MOLOACAN-375,ENCANTO,ENCT,FMN,158,525,MR
308,MOLOACAN-376,CONCEPCION INFERIOR,CNIR,FMN,0,163,MR
309,MOLOACAN-376,ENCANTO,ENCT,FMN,163,575,MR
310,MOLOACAN-376,OLIGOCENO,OLGN,FMN,575,700,MR
311,MOLOACAN-377,CONCEPCION SUPERIOR,CNSR,FMN,0,172,MR
312,MOLOACAN-377,ENCANTO,ENCT,FMN,172,560,MR
313,MOLOACAN-377,OLIGOCENO,OLGN,FMN,560,679,MR
314,MOLOACAN-377,ANHIDRITA,ANHI,FMN,679,680,MR
315,MOLOACAN-378,CONCEPCION SUPERIOR,CNSR,FMN,0,168,MR
316,MOLOACAN-378,CONCEPCION INFERIOR,CNIR,FMN,168,301,MR
317,MOLOACAN-378,ENCANTO,ENCT,FMN,301,735,MR
318,MOLOACAN-378,DEPOSITO,DPST,FMN,735,800,MR
319,MOLOACAN-379,CONCEPCION SUPERIOR,CNSR,FMN,0,169,MR
320,MOLOACAN-379,CONCEPCION INFERIOR,CNIR,FMN,169,292,MR
321,MOLOACAN-379,ENCANTO,ENCT,FMN,292,700,MR
322,MOLOACAN-380,CONCEPCION SUPERIOR,CNSR,FMN,0,240,MR
323,MOLOACAN-380,ENCANTO,ENCT,FMN,240,650,MR
324,MOLOACAN-381,CONCEPCION SUPERIOR,CNSR,FMN,0,136,MR
325,MOLOACAN-381,CONCEPCION INFERIOR,CNIR,FMN,136,294,MR
326,MOLOACAN-381,ENCANTO,ENCT,FMN,294,713,MR
327,MOLOACAN-381,DEPOSITO,DPST,FMN,713,725,MR
328,MOLOACAN-383,CONCEPCION SUPERIOR,CNSR,FMN,0,165,MR
329,MOLOACAN-383,CONCEPCION INFERIOR,CNIR,FMN,165,311,MR
330,MOLOACAN-383,ENCANTO,ENCT,FMN,311,770,MR
331,MOLOACAN-383,OLIGOCENO,OLGN,FMN,770,866,MR
332,MOLOACAN-383,ANHIDRITA,ANHI,FMN,866,868,MR
333,MOLOACAN-384,CONCEPCION INFERIOR,CNIR,FMN,0,81,MR
334,MOLOACAN-384,ENCANTO,ENCT,FMN,81,550,MR
335,MOLOACAN-385,CONCEPCION INFERIOR,CNIR,FMN,0,96,MR
336,MOLOACAN-385,ENCANTO,ENCT,FMN,96,525,MR
337,MOLOACAN-386,CONCEPCION INFERIOR,CNIR,FMN,0,136,MR
338,MOLOACAN-386,ENCANTO,ENCT,FMN,136,550,MR
339,MOLOACAN-387,CONCEPCION INFERIOR,CNIR,FMN,0,175,MR
340,MOLOACAN-387,ENCANTO,ENCT,FMN,175,550,MR
341,MOLOACAN-388,CONCEPCION INFERIOR,CNIR,FMN,0,134,MR
342,MOLOACAN-388,ENCANTO,ENCT,FMN,134,550,MR
343,MOLOACAN-389,CONCEPCION INFERIOR,CNIR,FMN,0,180,MR
344,MOLOACAN-389,ENCANTO,ENCT,FMN,180,620,MR
345,MOLOACAN-389,OLIGOCENO,OLGN,FMN,620,643,MR
346,MOLOACAN-390,CONCEPCION INFERIOR,CNIR,FMN,0,134,MR
347,MOLOACAN-390,ENCANTO,ENCT,FMN,134,500,MR
348,MOLOACAN-391,CONCEPCION SUPERIOR,CNSR,FMN,0,230,MR
349,MOLOACAN-391,ENCANTO,ENCT,FMN,230,625,MR
350,MOLOACAN-392,FILISOLA,FLSL,FMN,0,119,MR
351,MOLOACAN-392,CONCEPCION SUPERIOR,CNSR,FMN,119,313,MR
352,MOLOACAN-392,CONCEPCION INFERIOR,CNIR,FMN,313,435,MR
353,MOLOACAN-392,ENCANTO,ENCT,FMN,435,800,MR
354,MOLOACAN-394,CONCEPCION SUPERIOR,CNSR,FMN,0,225,MR
355,MOLOACAN-394,CONCEPCION INFERIOR,CNIR,FMN,225,358,MR
356,MOLOACAN-394,ENCANTO,ENCT,FMN,358,575,MR
357,MOLOACAN-395,CONCEPCION SUPERIOR,CNSR,FMN,0,575,MR
358,MOLOACAN-396,CONCEPCION SUPERIOR,CNSR,FMN,0,209,MR
359,MOLOACAN-396,ENCANTO,ENCT,FMN,209,550,MR
360,MOLOACAN-397,CONCEPCION SUPERIOR,CNSR,FMN,0,195,MR
361,MOLOACAN-397,ENCANTO,ENCT,FMN,195,550,MR
362,MOLOACAN-398,CONCEPCION INFERIOR,CNIR,FMN,0,179,MR
363,MOLOACAN-398,ENCANTO,ENCT,FMN,179,500,MR
364,MOLOACAN-399,CONCEPCION INFERIOR,CNIR,FMN,0,126,MR
365,MOLOACAN-399,ENCANTO,ENCT,FMN,126,525,MR
366,MOLOACAN-4,CONCEPCION INFERIOR,CNIR,FMN,0,151,MR
367,MOLOACAN-4,ENCANTO,ENCT,FMN,151,450,MR
368,MOLOACAN-400,CONCEPCION SUPERIOR,CNSR,FMN,0,208,MR
369,MOLOACAN-400,CONCEPCION INFERIOR,CNIR,FMN,208,315,MR
370,MOLOACAN-400,ENCANTO,ENCT,FMN,315,550,MR
371,MOLOACAN-401,CONCEPCION INFERIOR,CNIR,FMN,0,154,MR
372,MOLOACAN-401,ENCANTO,ENCT,FMN,154,500,MR
373,MOLOACAN-402,CONCEPCION INFERIOR,CNIR,FMN,0,152,MR
374,MOLOACAN-402,ENCANTO,ENCT,FMN,152,519,MR
375,MOLOACAN-402,OLIGOCENO,OLGN,FMN,519,626,MR
376,MOLOACAN-402,ANHIDRITA,ANHI,FMN,626,629,MR
377,MOLOACAN-403,CONCEPCION SUPERIOR,CNSR,FMN,0,172,MR
378,MOLOACAN-403,ENCANTO,ENCT,FMN,172,500,MR
379,MOLOACAN-404,CONCEPCION SUPERIOR,CNSR,FMN,0,163,MR
380,MOLOACAN-404,ENCANTO,ENCT,FMN,163,549,MR
381,MOLOACAN-405,CONCEPCION SUPERIOR,CNSR,FMN,0,233,MR
382,MOLOACAN-405,CONCEPCION INFERIOR,CNIR,FMN,233,328,MR
383,MOLOACAN-405,ENCANTO,ENCT,FMN,328,834,MR
384,MOLOACAN-405,OLIGOCENO,OLGN,FMN,834,938,MR
385,MOLOACAN-405,ANHIDRITA,ANHI,FMN,938,942,MR
386,MOLOACAN-406,CONCEPCION SUPERIOR,CNSR,FMN,0,211,MR
387,MOLOACAN-406,ENCANTO,ENCT,FMN,211,560,MR
388,MOLOACAN-406,DEPOSITO,DPST,FMN,560,600,MR
389,MOLOACAN-407,CONCEPCION SUPERIOR,CNSR,FMN,0,182,MR
390,MOLOACAN-407,ENCANTO,ENCT,FMN,182,535,MR
391,MOLOACAN-407,DEPOSITO,DPST,FMN,535,550,MR
392,MOLOACAN-408,CONCEPCION SUPERIOR,CNSR,FMN,0,199,MR
393,MOLOACAN-408,ENCANTO,ENCT,FMN,199,600,MR
394,MOLOACAN-409,CONCEPCION INFERIOR,CNIR,FMN,0,152,MR
395,MOLOACAN-409,ENCANTO,ENCT,FMN,152,550,MR
396,MOLOACAN-409,OLIGOCENO,OLGN,FMN,550,619,MR
397,MOLOACAN-410,CONCEPCION SUPERIOR,CNSR,FMN,0,116,MR
398,MOLOACAN-410,CONCEPCION INFERIOR,CNIR,FMN,116,220,MR
399,MOLOACAN-410,ENCANTO,ENCT,FMN,220,600,MR
400,MOLOACAN-412,CONCEPCION INFERIOR,CNIR,FMN,0,196,MR
401,MOLOACAN-412,ENCANTO,ENCT,FMN,196,556,MR
402,MOLOACAN-412,DEPOSITO,DPST,FMN,556,600,MR
403,MOLOACAN-413,CONCEPCION SUPERIOR,CNSR,FMN,0,194,MR
404,MOLOACAN-413,ENCANTO,ENCT,FMN,194,600,MR
405,MOLOACAN-414,CONCEPCION SUPERIOR,CNSR,FMN,0,185,MR
406,MOLOACAN-414,ENCANTO,ENCT,FMN,185,650,MR
407,MOLOACAN-415,CONCEPCION SUPERIOR,CNSR,FMN,0,196,MR
408,MOLOACAN-415,ENCANTO,ENCT,FMN,196,650,MR
409,MOLOACAN-416,CONCEPCION SUPERIOR,CNSR,FMN,0,141,MR
410,MOLOACAN-416,CONCEPCION INFERIOR,CNIR,FMN,141,276,MR
411,MOLOACAN-416,ENCANTO,ENCT,FMN,276,650,MR
412,MOLOACAN-417,CONCEPCION SUPERIOR,CNSR,FMN,0,157,MR
413,MOLOACAN-417,CONCEPCION INFERIOR,CNIR,FMN,157,292,MR
414,MOLOACAN-417,ENCANTO,ENCT,FMN,292,720,MR
415,MOLOACAN-417,OLIGOCENO,OLGN,FMN,720,725,MR
416,MOLOACAN-418,CONCEPCION SUPERIOR,CNSR,FMN,0,101,MR
417,MOLOACAN-418,CONCEPCION INFERIOR,CNIR,FMN,101,227,MR
418,MOLOACAN-418,ENCANTO,ENCT,FMN,227,700,MR
419,MOLOACAN-421,CONCEPCION SUPERIOR,CNSR,FMN,0,150,MR
420,MOLOACAN-421,ENCANTO,ENCT,FMN,150,500,MR
421,MOLOACAN-422,CONCEPCION SUPERIOR,CNSR,FMN,0,111,MR
422,MOLOACAN-422,CONCEPCION INFERIOR,CNIR,FMN,111,221,MR
423,MOLOACAN-422,ENCANTO,ENCT,FMN,221,570,MR
424,MOLOACAN-423,CONCEPCION SUPERIOR,CNSR,FMN,0,120,MR
425,MOLOACAN-423,CONCEPCION INFERIOR,CNIR,FMN,120,205,MR
426,MOLOACAN-423,ENCANTO,ENCT,FMN,205,505,MR
427,MOLOACAN-423,DEPOSITO,DPST,FMN,505,572,MR
428,MOLOACAN-423,ANHIDRITA,ANHI,FMN,572,573,MR
429,MOLOACAN-424,CONCEPCION SUPERIOR,CNSR,FMN,0,164,MR
430,MOLOACAN-424,CONCEPCION INFERIOR,CNIR,FMN,164,277,MR
431,MOLOACAN-424,ENCANTO,ENCT,FMN,277,750,MR
432,MOLOACAN-425,CONCEPCION SUPERIOR,CNSR,FMN,0,165,MR
433,MOLOACAN-425,CONCEPCION INFERIOR,CNIR,FMN,165,287,MR
434,MOLOACAN-425,ENCANTO,ENCT,FMN,287,287,MR
435,MOLOACAN-425,DEPOSITO,DPST,FMN,732,750,MR
436,MOLOACAN-427,CONCEPCION SUPERIOR,CNSR,FMN,0,203,MR
437,MOLOACAN-427,ENCANTO,ENCT,FMN,203,526,MR
438,MOLOACAN-428,CONCEPCION SUPERIOR,CNSR,FMN,0,200,MR
439,MOLOACAN-428,ENCANTO,ENCT,FMN,200,537,MR
440,MOLOACAN-428,OLIGOCENO,OLGN,FMN,537,644,MR
441,MOLOACAN-429,CONCEPCION INFERIOR,CNIR,FMN,0,111,MR
442,MOLOACAN-429,ENCANTO,ENCT,FMN,111,600,MR
443,MOLOACAN-429,OLIGOCENO,OLGN,FMN,600,642,MR
444,MOLOACAN-431,CONCEPCION INFERIOR,CNIR,FMN,0,114,MR
445,MOLOACAN-431,ENCANTO,ENCT,FMN,114,525,MR
446,MOLOACAN-432,CONCEPCION SUPERIOR,CNSR,FMN,0,208,MR
447,MOLOACAN-432,ENCANTO,ENCT,FMN,208,550,MR
448,MOLOACAN-433,CONCEPCION INFERIOR,CNIR,FMN,0,155,MR
449,MOLOACAN-433,ENCANTO,ENCT,FMN,155,500,MR
450,MOLOACAN-434,CONCEPCION SUPERIOR,CNSR,FMN,0,190,MR
451,MOLOACAN-434,ENCANTO,ENCT,FMN,190,608,MR
452,MOLOACAN-434,OLIGOCENO,OLGN,FMN,608,642,MR
453,MOLOACAN-434,ANHIDRITA,ANHI,FMN,642,643,MR
454,MOLOACAN-435,CONCEPCION SUPERIOR,CNSR,FMN,0,178,MR
455,MOLOACAN-435,ENCANTO,ENCT,FMN,178,573,MR
456,MOLOACAN-436,CONCEPCION SUPERIOR,CNSR,FMN,0,198,MR
457,MOLOACAN-436,ENCANTO,ENCT,FMN,198,500,MR
458,MOLOACAN-437,CONCEPCION SUPERIOR,CNSR,FMN,0,181,MR
459,MOLOACAN-437,ENCANTO,ENCT,FMN,181,450,MR
460,MOLOACAN-438,CONCEPCION SUPERIOR,CNSR,FMN,0,190,MR
461,MOLOACAN-438,ENCANTO,ENCT,FMN,190,525,MR
462,MOLOACAN-439,CONCEPCION SUPERIOR,CNSR,FMN,0,178,MR
463,MOLOACAN-439,ENCANTO,ENCT,FMN,178,548,MR
464,MOLOACAN-439,OLIGOCENO,OLGN,FMN,548,550,MR
465,MOLOACAN-440,CONCEPCION SUPERIOR,CNSR,FMN,0,225,MR
466,MOLOACAN-440,ENCANTO,ENCT,FMN,225,650,MR
467,MOLOACAN-441,CONCEPCION SUPERIOR,CNSR,FMN,0,240,MR
468,MOLOACAN-441,ENCANTO,ENCT,FMN,240,683,MR
469,MOLOACAN-441,OLIGOCENO,OLGN,FMN,683,700,MR
470,MOLOACAN-442,CONCEPCION SUPERIOR,CNSR,FMN,0,215,MR
471,MOLOACAN-442,ENCANTO,ENCT,FMN,215,700,MR
472,MOLOACAN-443,CONCEPCION INFERIOR,CNIR,FMN,0,134,MR
473,MOLOACAN-443,ENCANTO,ENCT,FMN,134,635,MR
474,MOLOACAN-443,OLIGOCENO,OLGN,FMN,635,678,MR
475,MOLOACAN-443,ANHIDRITA,ANHI,FMN,678,698,MR
476,MOLOACAN-444,CONCEPCION SUPERIOR,CNSR,FMN,0,180,MR
477,MOLOACAN-444,ENCANTO,ENCT,FMN,180,550,MR
478,MOLOACAN-445,CONCEPCION INFERIOR,CNIR,FMN,0,550,MR
479,MOLOACAN-446,CONCEPCION SUPERIOR,CNSR,FMN,0,154,MR
480,MOLOACAN-446,CONCEPCION INFERIOR,CNIR,FMN,154,296,MR
481,MOLOACAN-446,ENCANTO,ENCT,FMN,296,500,MR
482,MOLOACAN-447,CONCEPCION SUPERIOR,CNSR,FMN,0,150,MR
483,MOLOACAN-447,CONCEPCION INFERIOR,CNIR,FMN,150,273,MR
484,MOLOACAN-447,ENCANTO,ENCT,FMN,273,598,MR
485,MOLOACAN-448,CONCEPCION SUPERIOR,CNSR,FMN,0,110,MR
486,MOLOACAN-448,CONCEPCION INFERIOR,CNIR,FMN,110,258,MR
487,MOLOACAN-448,ENCANTO,ENCT,FMN,258,550,MR
488,MOLOACAN-449,CONCEPCION SUPERIOR,CNSR,FMN,0,155,MR
489,MOLOACAN-449,ENCANTO,ENCT,FMN,155,485,MR
490,MOLOACAN-449,DEPOSITO,DPST,FMN,485,550,MR
491,MOLOACAN-450,CONCEPCION SUPERIOR,CNSR,FMN,0,187,MR
492,MOLOACAN-450,ENCANTO,ENCT,FMN,187,450,MR
493,MOLOACAN-451,CONCEPCION SUPERIOR,CNSR,FMN,0,149,MR
494,MOLOACAN-451,ENCANTO,ENCT,FMN,149,527,MR
495,MOLOACAN-451,DEPOSITO,DPST,FMN,527,550,MR
496,MOLOACAN-452,CONCEPCION SUPERIOR,CNSR,FMN,0,168,MR
497,MOLOACAN-452,ENCANTO,ENCT,FMN,168,569,MR
498,MOLOACAN-452,DEPOSITO,DPST,FMN,569,689,MR
499,MOLOACAN-452,ANHIDRITA,ANHI,FMN,689,696,MR
500,MOLOACAN-453,CONCEPCION INFERIOR,CNIR,FMN,0,90,MR
501,MOLOACAN-453,ENCANTO,ENCT,FMN,90,500,MR
502,MOLOACAN-454,CONCEPCION SUPERIOR,CNSR,FMN,0,75,MR
503,MOLOACAN-454,ENCANTO,ENCT,FMN,75,500,MR
504,MOLOACAN-455,CONCEPCION INFERIOR,CNIR,FMN,0,144,MR
505,MOLOACAN-455,ENCANTO,ENCT,FMN,144,500,MR
506,MOLOACAN-456,CONCEPCION SUPERIOR,CNSR,FMN,0,105,MR
507,MOLOACAN-456,CONCEPCION INFERIOR,CNIR,FMN,105,227,MR
508,MOLOACAN-456,ENCANTO,ENCT,FMN,227,745,MR
509,MOLOACAN-456,DEPOSITO,DPST,FMN,745,880,MR
510,MOLOACAN-456,ANHIDRITA,ANHI,FMN,880,883,MR
511,MOLOACAN-457,CONCEPCION SUPERIOR,CNSR,FMN,0,192,MR
512,MOLOACAN-457,ENCANTO,ENCT,FMN,192,604,MR
513,MOLOACAN-458,CONCEPCION SUPERIOR,CNSR,FMN,0,199,MR
514,MOLOACAN-458,ENCANTO,ENCT,FMN,199,590,MR
515,MOLOACAN-458,DEPOSITO,DPST,FMN,590,650,MR
516,MOLOACAN-459,CONCEPCION SUPERIOR,CNSR,FMN,0,160,MR
517,MOLOACAN-459,ENCANTO,ENCT,FMN,160,497,MR
518,MOLOACAN-459,DEPOSITO,DPST,FMN,497,563,MR
519,MOLOACAN-459,ANHIDRITA,ANHI,FMN,563,600,MR
520,MOLOACAN-460,CONCEPCION INFERIOR,CNIR,FMN,0,140,MR
521,MOLOACAN-460,ENCANTO,ENCT,FMN,140,500,MR
522,MOLOACAN-461,CONCEPCION SUPERIOR,CNSR,FMN,0,158,MR
523,MOLOACAN-461,ENCANTO,ENCT,FMN,158,500,MR
524,MOLOACAN-462,CONCEPCION INFERIOR,CNIR,FMN,0,198,MR
525,MOLOACAN-462,ENCANTO,ENCT,FMN,198,600,MR
526,MOLOACAN-463,CONCEPCION INFERIOR,CNIR,FMN,0,635,MR
527,MOLOACAN-463,DEPOSITO,DPST,FMN,635,660,MR
528,MOLOACAN-464,CONCEPCION INFERIOR,CNIR,FMN,0,500,MR
529,MOLOACAN-465,CONCEPCION SUPERIOR,CNSR,FMN,0,116,MR
530,MOLOACAN-465,CONCEPCION INFERIOR,CNIR,FMN,116,243,MR
531,MOLOACAN-465,ENCANTO,ENCT,FMN,243,675,MR
532,MOLOACAN-466,CONCEPCION INFERIOR,CNIR,FMN,0,145,MR
533,MOLOACAN-466,ENCANTO,ENCT,FMN,145,450,MR
534,MOLOACAN-467,CONCEPCION INFERIOR,CNIR,FMN,0,180,MR
535,MOLOACAN-467,ENCANTO,ENCT,FMN,180,500,MR
536,MOLOACAN-468,CONCEPCION INFERIOR,CNIR,FMN,0,170,MR
537,MOLOACAN-468,ENCANTO,ENCT,FMN,170,450,MR
538,MOLOACAN-469,CONCEPCION SUPERIOR,CNSR,FMN,0,95,MR
539,MOLOACAN-469,CONCEPCION INFERIOR,CNIR,FMN,95,210,MR
540,MOLOACAN-469,ENCANTO,ENCT,FMN,210,500,MR
541,MOLOACAN-470,CONCEPCION INFERIOR,CNIR,FMN,0,146,MR
542,MOLOACAN-470,ENCANTO,ENCT,FMN,146,592,MR
543,MOLOACAN-470,DEPOSITO,DPST,FMN,592,670,MR
544,MOLOACAN-470,ANHIDRITA,ANHI,FMN,670,673,MR
545,MOLOACAN-471,CONCEPCION INFERIOR,CNIR,FMN,0,152,MR
546,MOLOACAN-471,ENCANTO,ENCT,FMN,152,550,MR
547,MOLOACAN-472,CONCEPCION INFERIOR,CNIR,FMN,0,151,MR
548,MOLOACAN-472,ENCANTO,ENCT,FMN,151,450,MR
549,MOLOACAN-473,CONCEPCION INFERIOR,CNIR,FMN,0,190,MR
550,MOLOACAN-473,ENCANTO,ENCT,FMN,190,500,MR
551,MOLOACAN-474,CONCEPCION INFERIOR,CNIR,FMN,0,170,MR
552,MOLOACAN-474,ENCANTO,ENCT,FMN,170,450,MR
553,MOLOACAN-475,CONCEPCION INFERIOR,CNIR,FMN,0,195,MR
554,MOLOACAN-475,ENCANTO,ENCT,FMN,195,500,MR
555,MOLOACAN-476,CONCEPCION INFERIOR,CNIR,FMN,0,182,MR
556,MOLOACAN-476,ENCANTO,ENCT,FMN,182,425,MR
557,MOLOACAN-477,CONCEPCION SUPERIOR,CNSR,FMN,0,100,MR
558,MOLOACAN-477,CONCEPCION INFERIOR,CNIR,FMN,100,240,MR
559,MOLOACAN-477,ENCANTO,ENCT,FMN,240,450,MR
560,MOLOACAN-480,CONCEPCION SUPERIOR,CNSR,FMN,0,102,MR
561,MOLOACAN-480,CONCEPCION INFERIOR,CNIR,FMN,102,229,MR
562,MOLOACAN-480,ENCANTO,ENCT,FMN,229,700,MR
563,MOLOACAN-481,CONCEPCION SUPERIOR,CNSR,FMN,0,225,MR
564,MOLOACAN-481,ENCANTO,ENCT,FMN,225,700,MR
565,MOLOACAN-483,CONCEPCION INFERIOR,CNIR,FMN,0,165,MR
566,MOLOACAN-483,ENCANTO,ENCT,FMN,165,500,MR
567,MOLOACAN-485,CONCEPCION INFERIOR,CNIR,FMN,0,465,MR
568,MOLOACAN-486,CONCEPCION INFERIOR,CNIR,FMN,0,500,MR
569,MOLOACAN-5,CONCEPCION SUPERIOR,CNSR,FMN,0,173,MR
570,MOLOACAN-5,ENCANTO,ENCT,FMN,173,603,MR
571,MOLOACAN-5,ANHIDRITA,ANHI,FMN,603,611,MR
572,MOLOACAN-500,CONCEPCION SUPERIOR,CNSR,FMN,0,182,MR
573,MOLOACAN-500,ENCANTO,ENCT,FMN,182,600,MR
574,MOLOACAN-501,CONCEPCION SUPERIOR,CNSR,FMN,0,148,MR
575,MOLOACAN-501,ENCANTO,ENCT,FMN,148,596,MR
576,MOLOACAN-501,OLIGOCENO,OLGN,FMN,596,601,MR
577,MOLOACAN-502,CONCEPCION SUPERIOR,CNSR,FMN,0,194,MR
578,MOLOACAN-502,ENCANTO,ENCT,FMN,194,635,MR
579,MOLOACAN-502,OLIGOCENO,OLGN,FMN,635,800,MR
580,MOLOACAN-503,CONCEPCION SUPERIOR,CNSR,FMN,0,198,MR
581,MOLOACAN-503,ENCANTO,ENCT,FMN,198,664,MR
582,MOLOACAN-503,OLIGOCENO,OLGN,FMN,664,800,MR
583,MOLOACAN-504,CONCEPCION SUPERIOR,CNSR,FMN,0,200,MR
584,MOLOACAN-504,ENCANTO,ENCT,FMN,200,645,MR
585,MOLOACAN-504,OLIGOCENO,OLGN,FMN,645,688,MR
586,MOLOACAN-505,CONCEPCION SUPERIOR,CNSR,FMN,0,175,MR
587,MOLOACAN-505,ENCANTO,ENCT,FMN,175,605,MR
588,MOLOACAN-505,OLIGOCENO,OLGN,FMN,605,741,MR
589,MOLOACAN-506,CONCEPCION SUPERIOR,CNSR,FMN,0,157,MR
590,MOLOACAN-506,ENCANTO,ENCT,FMN,157,581,MR
591,MOLOACAN-506,OLIGOCENO,OLGN,FMN,581,600,MR
592,MOLOACAN-507,CONCEPCION SUPERIOR,CNSR,FMN,0,162,MR
593,MOLOACAN-507,ENCANTO,ENCT,FMN,162,600,MR
594,MOLOACAN-507,OLIGOCENO,OLGN,FMN,600,600,MR
595,MOLOACAN-508,CONCEPCION SUPERIOR,CNSR,FMN,0,155,MR
596,MOLOACAN-508,ENCANTO,ENCT,FMN,155,580,MR
597,MOLOACAN-508,OLIGOCENO,OLGN,FMN,580,647,MR
598,MOLOACAN-509,CONCEPCION SUPERIOR,CNSR,FMN,0,135,MR
599,MOLOACAN-509,ENCANTO,ENCT,FMN,135,536,MR
600,MOLOACAN-510,CONCEPCION SUPERIOR,CNSR,FMN,0,150,MR
601,MOLOACAN-510,ENCANTO,ENCT,FMN,150,550,MR
602,MOLOACAN-511,CONCEPCION SUPERIOR,CNSR,FMN,0,199,MR
603,MOLOACAN-511,ENCANTO,ENCT,FMN,199,600,MR
604,MOLOACAN-512,CONCEPCION INFERIOR,CNIR,FMN,0,190,MR
605,MOLOACAN-512,ENCANTO,ENCT,FMN,190,550,MR
606,MOLOACAN-513,CONCEPCION SUPERIOR,CNSR,FMN,0,198,MR
607,MOLOACAN-513,ENCANTO,ENCT,FMN,198,600,MR
608,MOLOACAN-515,CONCEPCION SUPERIOR,CNSR,FMN,0,215,MR
609,MOLOACAN-515,ENCANTO,ENCT,FMN,215,600,MR
610,MOLOACAN-518,CONCEPCION INFERIOR,CNIR,FMN,0,196,MR
611,MOLOACAN-518,ENCANTO,ENCT,FMN,196,600,MR
612,MOLOACAN-519,CONCEPCION INFERIOR,CNIR,FMN,0,165,MR
613,MOLOACAN-519,ENCANTO,ENCT,FMN,165,575,MR
614,MOLOACAN-520,CONCEPCION INFERIOR,CNIR,FMN,0,140,MR
615,MOLOACAN-520,ENCANTO,ENCT,FMN,140,500,MR
616,MOLOACAN-521,CONCEPCION INFERIOR,CNIR,FMN,0,120,MR
617,MOLOACAN-521,ENCANTO,ENCT,FMN,120,528,MR
618,MOLOACAN-522,CONCEPCION INFERIOR,CNIR,FMN,0,110,MR
619,MOLOACAN-522,ENCANTO,ENCT,FMN,110,500,MR
620,MOLOACAN-523,CONCEPCION INFERIOR,CNIR,FMN,0,105,MR
621,MOLOACAN-523,ENCANTO,ENCT,FMN,105,536,MR
622,MOLOACAN-524,CONCEPCION INFERIOR,CNIR,FMN,0,500,MR
623,MOLOACAN-530,CONCEPCION INFERIOR,CNIR,FMN,0,110,MR
624,MOLOACAN-530,ENCANTO,ENCT,FMN,110,450,MR
625,MOLOACAN-546,CONCEPCION INFERIOR,CNIR,FMN,0,166,MR
626,MOLOACAN-546,ENCANTO,ENCT,FMN,166,603,MR
627,MOLOACAN-546,DEPOSITO,DPST,FMN,603,664,MR
628,MOLOACAN-566,CONCEPCION INFERIOR,CNIR,FMN,0,162,MR
629,MOLOACAN-566,ENCANTO,ENCT,FMN,162,604,MR
630,MOLOACAN-566,DEPOSITO,DPST,FMN,604,663,MR
631,MOLOACAN-582,CONCEPCION INFERIOR,CNIR,FMN,0,200,MR
632,MOLOACAN-582,ENCANTO,ENCT,FMN,200,650,MR
633,MOLOACAN-584,CONCEPCION INFERIOR,CNIR,FMN,0,197,MR
634,MOLOACAN-584,ENCANTO,ENCT,FMN,197,664,MR
635,MOLOACAN-584,DEPOSITO,DPST,FMN,664,741,MR
636,MOLOACAN-586,CONCEPCION INFERIOR,CNIR,FMN,0,136,MR
637,MOLOACAN-586,ENCANTO,ENCT,FMN,136,634,MR
638,MOLOACAN-586,DEPOSITO,DPST,FMN,634,750,MR
639,MOLOACAN-587,CONCEPCION SUPERIOR,CNSR,FMN,0,70,MR
640,MOLOACAN-587,CONCEPCION INFERIOR,CNIR,FMN,70,200,MR
641,MOLOACAN-587,ENCANTO,ENCT,FMN,200,625,MR
642,MOLOACAN-589,CONCEPCION SUPERIOR,CNSR,FMN,0,196,MR
643,MOLOACAN-589,ENCANTO,ENCT,FMN,196,600,MR
644,MOLOACAN-6,CONCEPCION INFERIOR,CNIR,FMN,0,137,MR
645,MOLOACAN-6,ENCANTO,ENCT,FMN,137,625,MR
646,MOLOACAN-6,OLIGOCENO,OLGN,FMN,625,730,MR
647,MOLOACAN-6,ANHIDRITA,ANHI,FMN,730,731,MR
648,MOLOACAN-602,CONCEPCION INFERIOR,CNIR,FMN,0,104,MR
649,MOLOACAN-602,ENCANTO,ENCT,FMN,104,492,MR
650,MOLOACAN-602,OLIGOCENO,OLGN,FMN,492,559,MR
651,MOLOACAN-602,ANHIDRITA,ANHI,FMN,559,563,MR
652,MOLOACAN-603,FILISOLA,FLSL,FMN,0,25,MR
653,MOLOACAN-603,CONCEPCION SUPERIOR,CNSR,FMN,25,135,MR
654,MOLOACAN-603,CONCEPCION INFERIOR,CNIR,FMN,135,255,MR
655,MOLOACAN-603,ENCANTO,ENCT,FMN,255,555,MR
656,MOLOACAN-603,ANHIDRITA,ANHI,FMN,555,558,MR
657,MOLOACAN-604,CONCEPCION SUPERIOR,CNSR,FMN,0,146,MR
658,MOLOACAN-604,ENCANTO,ENCT,FMN,146,485,MR
659,MOLOACAN-604,ANHIDRITA,ANHI,FMN,485,505,MR
660,MOLOACAN-605,FILISOLA,FLSL,FMN,0,60,MR
661,MOLOACAN-605,CONCEPCION SUPERIOR,CNSR,FMN,60,205,MR
662,MOLOACAN-605,CONCEPCION INFERIOR,CNIR,FMN,205,299,MR
663,MOLOACAN-605,ENCANTO,ENCT,FMN,299,558,MR
664,MOLOACAN-605,ANHIDRITA,ANHI,FMN,558,560,MR
665,MOLOACAN-606,FILISOLA,FLSL,FMN,0,159,MR
666,MOLOACAN-606,CONCEPCION INFERIOR,CNIR,FMN,159,245,MR
667,MOLOACAN-606,ENCANTO,ENCT,FMN,245,523,MR
668,MOLOACAN-606,ANHIDRITA,ANHI,FMN,523,548,MR
669,MOLOACAN-607,FILISOLA,FLSL,FMN,0,40,MR
670,MOLOACAN-607,CONCEPCION SUPERIOR,CNSR,FMN,40,158,MR
671,MOLOACAN-607,CONCEPCION INFERIOR,CNIR,FMN,158,240,MR
672,MOLOACAN-607,ENCANTO,ENCT,FMN,240,474,MR
673,MOLOACAN-607,ANHIDRITA,ANHI,FMN,474,485,MR
674,MOLOACAN-608,FILISOLA,FLSL,FMN,0,172,MR
675,MOLOACAN-608,CONCEPCION INFERIOR,CNIR,FMN,172,265,MR
676,MOLOACAN-608,ENCANTO,ENCT,FMN,265,535,MR
677,MOLOACAN-608,ANHIDRITA,ANHI,FMN,535,536,MR
678,MOLOACAN-609,FILISOLA,FLSL,FMN,0,160,MR
679,MOLOACAN-609,CONCEPCION INFERIOR,CNIR,FMN,160,285,MR
680,MOLOACAN-609,ENCANTO,ENCT,FMN,285,550,MR
681,MOLOACAN-610,CONCEPCION SUPERIOR,CNSR,FMN,0,166,MR
682,MOLOACAN-610,CONCEPCION INFERIOR,CNIR,FMN,166,243,MR
683,MOLOACAN-610,ENCANTO,ENCT,FMN,243,425,MR
684,MOLOACAN-611,CONCEPCION SUPERIOR,CNSR,FMN,0,138,MR
685,MOLOACAN-611,CONCEPCION INFERIOR,CNIR,FMN,138,215,MR
686,MOLOACAN-611,ENCANTO,ENCT,FMN,215,515,MR
687,MOLOACAN-611,ANHIDRITA,ANHI,FMN,515,523,MR
688,MOLOACAN-613,CONCEPCION SUPERIOR,CNSR,FMN,0,185,MR
689,MOLOACAN-613,CONCEPCION INFERIOR,CNIR,FMN,185,257,MR
690,MOLOACAN-613,ENCANTO,ENCT,FMN,257,541,MR
691,MOLOACAN-613,ANHIDRITA,ANHI,FMN,541,542,MR
692,MOLOACAN-614,CONCEPCION SUPERIOR,CNSR,FMN,0,180,MR
693,MOLOACAN-614,CONCEPCION INFERIOR,CNIR,FMN,180,260,MR
694,MOLOACAN-614,ENCANTO,ENCT,FMN,260,513,MR
695,MOLOACAN-614,ANHIDRITA,ANHI,FMN,513,513,MR
696,MOLOACAN-615,FILISOLA,FLSL,FMN,0,210,MR
697,MOLOACAN-615,CONCEPCION INFERIOR,CNIR,FMN,210,270,MR
698,MOLOACAN-615,ENCANTO,ENCT,FMN,270,602,MR
699,MOLOACAN-615,ANHIDRITA,ANHI,FMN,602,602,MR
700,MOLOACAN-616,CONCEPCION SUPERIOR,CNSR,FMN,0,164,MR
701,MOLOACAN-616,CONCEPCION INFERIOR,CNIR,FMN,164,265,MR
702,MOLOACAN-616,ENCANTO,ENCT,FMN,265,622,MR
703,MOLOACAN-616,ANHIDRITA,ANHI,FMN,622,623,MR
704,MOLOACAN-617,CONCEPCION SUPERIOR,CNSR,FMN,0,153,MR
705,MOLOACAN-617,CONCEPCION INFERIOR,CNIR,FMN,153,265,MR
706,MOLOACAN-617,ENCANTO,ENCT,FMN,265,554,MR
707,MOLOACAN-617,ANHIDRITA,ANHI,FMN,554,555,MR
708,MOLOACAN-618,FILISOLA,FLSL,FMN,0,209,MR
709,MOLOACAN-618,CONCEPCION INFERIOR,CNIR,FMN,209,295,MR
710,MOLOACAN-618,ENCANTO,ENCT,FMN,295,590,MR
711,MOLOACAN-618,ANHIDRITA,ANHI,FMN,590,605,MR
712,MOLOACAN-619,CONCEPCION SUPERIOR,CNSR,FMN,0,174,MR
713,MOLOACAN-619,CONCEPCION INFERIOR,CNIR,FMN,174,273,MR
714,MOLOACAN-619,ENCANTO,ENCT,FMN,273,661,MR
715,MOLOACAN-620,CONCEPCION SUPERIOR,CNSR,FMN,0,305,MR
716,MOLOACAN-620,ENCANTO,ENCT,FMN,305,1180,MR
717,MOLOACAN-620,CONCEPCION INFERIOR,CNIR,FMN,1180,580,MR
718,MOLOACAN-621,CONCEPCION SUPERIOR,CNSR,FMN,0,174,MR
719,MOLOACAN-621,CONCEPCION INFERIOR,CNIR,FMN,174,275,MR
720,MOLOACAN-621,ENCANTO,ENCT,FMN,275,671,MR
721,MOLOACAN-621,ANHIDRITA,ANHI,FMN,671,671,MR
722,MOLOACAN-622,CONCEPCION SUPERIOR,CNSR,FMN,0,151,MR
723,MOLOACAN-622,CONCEPCION INFERIOR,CNIR,FMN,151,265,MR
724,MOLOACAN-622,ENCANTO,ENCT,FMN,265,575,MR
725,MOLOACAN-623,FILISOLA,FLSL,FMN,0,226,MR
726,MOLOACAN-623,CONCEPCION INFERIOR,CNIR,FMN,226,336,MR
727,MOLOACAN-623,ENCANTO,ENCT,FMN,336,686,MR
728,MOLOACAN-623,ANHIDRITA,ANHI,FMN,686,686,MR
729,MOLOACAN-624,FILISOLA,FLSL,FMN,0,222,MR
730,MOLOACAN-624,CONCEPCION INFERIOR,CNIR,FMN,222,306,MR
731,MOLOACAN-624,ENCANTO,ENCT,FMN,306,620,MR
732,MOLOACAN-625,CONCEPCION SUPERIOR,CNSR,FMN,0,245,MR
733,MOLOACAN-625,CONCEPCION INFERIOR,CNIR,FMN,245,366,MR
734,MOLOACAN-625,ENCANTO,ENCT,FMN,366,758,MR
735,MOLOACAN-625,ANHIDRITA,ANHI,FMN,758,759,MR
736,MOLOACAN-626,FILISOLA,FLSL,FMN,0,270,MR
737,MOLOACAN-626,CONCEPCION INFERIOR,CNIR,FMN,270,355,MR
738,MOLOACAN-626,ENCANTO,ENCT,FMN,355,680,MR
739,MOLOACAN-627,FILISOLA,FLSL,FMN,0,240,MR
740,MOLOACAN-627,CONCEPCION INFERIOR,CNIR,FMN,240,359,MR
741,MOLOACAN-627,ENCANTO,ENCT,FMN,359,680,MR
742,MOLOACAN-628,FILISOLA,FLSL,FMN,0,234,MR
743,MOLOACAN-628,CONCEPCION INFERIOR,CNIR,FMN,234,312,MR
744,MOLOACAN-628,ENCANTO,ENCT,FMN,312,700,MR
745,MOLOACAN-629,CONCEPCION SUPERIOR,CNSR,FMN,0,197,MR
746,MOLOACAN-629,CONCEPCION INFERIOR,CNIR,FMN,197,288,MR
747,MOLOACAN-629,ENCANTO,ENCT,FMN,288,662,MR
748,MOLOACAN-629,ANHIDRITA,ANHI,FMN,662,663,MR
749,MOLOACAN-630,PARAJE SOLO,PJSL,FMN,0,214,MR
750,MOLOACAN-630,CONCEPCION INFERIOR,CNIR,FMN,214,304,MR
751,MOLOACAN-630,ENCANTO,ENCT,FMN,304,660,MR
752,MOLOACAN-631,FILISOLA,FLSL,FMN,0,273,MR
753,MOLOACAN-631,CONCEPCION INFERIOR,CNIR,FMN,273,395,MR
754,MOLOACAN-631,ENCANTO,ENCT,FMN,395,700,MR
755,MOLOACAN-631,DEPOSITO,DPST,FMN,700,751,MR
756,MOLOACAN-632,CONCEPCION SUPERIOR,CNSR,FMN,0,280,MR
757,MOLOACAN-632,CONCEPCION INFERIOR,CNIR,FMN,280,402,MR
758,MOLOACAN-632,ENCANTO,ENCT,FMN,402,800,MR
759,MOLOACAN-633,FILISOLA,FLSL,FMN,0,225,MR
760,MOLOACAN-633,CONCEPCION INFERIOR,CNIR,FMN,225,351,MR
761,MOLOACAN-633,ENCANTO,ENCT,FMN,351,717,MR
762,MOLOACAN-634,CONCEPCION SUPERIOR,CNSR,FMN,0,236,MR
763,MOLOACAN-634,CONCEPCION INFERIOR,CNIR,FMN,236,330,MR
764,MOLOACAN-634,ENCANTO,ENCT,FMN,330,695,MR
765,MOLOACAN-635,CONCEPCION SUPERIOR,CNSR,FMN,0,238,MR
766,MOLOACAN-635,CONCEPCION INFERIOR,CNIR,FMN,238,355,MR
767,MOLOACAN-635,ENCANTO,ENCT,FMN,355,705,MR
768,MOLOACAN-635,ANHIDRITA,ANHI,FMN,705,705,MR
769,MOLOACAN-636,CONCEPCION SUPERIOR,CNSR,FMN,0,213,MR
770,MOLOACAN-636,CONCEPCION INFERIOR,CNIR,FMN,213,320,MR
771,MOLOACAN-636,ENCANTO,ENCT,FMN,320,600,MR
772,MOLOACAN-637,CONCEPCION SUPERIOR,CNSR,FMN,0,182,MR
773,MOLOACAN-637,CONCEPCION INFERIOR,CNIR,FMN,182,292,MR
774,MOLOACAN-637,ENCANTO,ENCT,FMN,292,774,MR
775,MOLOACAN-637,ANHIDRITA,ANHI,FMN,774,778,MR
776,MOLOACAN-638,CONCEPCION SUPERIOR,CNSR,FMN,0,209,MR
777,MOLOACAN-638,CONCEPCION INFERIOR,CNIR,FMN,209,328,MR
778,MOLOACAN-638,ENCANTO,ENCT,FMN,328,663,MR
779,MOLOACAN-638,ANHIDRITA,ANHI,FMN,663,744,MR
780,MOLOACAN-639,CONCEPCION SUPERIOR,CNSR,FMN,0,157,MR
781,MOLOACAN-639,CONCEPCION INFERIOR,CNIR,FMN,157,285,MR
782,MOLOACAN-639,ENCANTO,ENCT,FMN,285,550,MR
783,MOLOACAN-640,CONCEPCION SUPERIOR,CNSR,FMN,0,141,MR
784,MOLOACAN-640,CONCEPCION INFERIOR,CNIR,FMN,141,251,MR
785,MOLOACAN-640,ENCANTO,ENCT,FMN,251,450,MR
786,MOLOACAN-641,CONCEPCION SUPERIOR,CNSR,FMN,0,245,MR
787,MOLOACAN-641,CONCEPCION INFERIOR,CNIR,FMN,245,321,MR
788,MOLOACAN-641,ENCANTO,ENCT,FMN,321,800,MR
789,MOLOACAN-642,FILISOLA,FLSL,FMN,0,180,MR
790,MOLOACAN-642,CONCEPCION SUPERIOR,CNSR,FMN,180,312,MR
791,MOLOACAN-642,CONCEPCION INFERIOR,CNIR,FMN,312,395,MR
792,MOLOACAN-642,ENCANTO,ENCT,FMN,395,620,MR
793,MOLOACAN-643,CONCEPCION SUPERIOR,CNSR,FMN,0,205,MR
794,MOLOACAN-643,CONCEPCION INFERIOR,CNIR,FMN,205,315,MR
795,MOLOACAN-643,ENCANTO,ENCT,FMN,315,560,MR
796,MOLOACAN-644,FILISOLA,FLSL,FMN,0,249,MR
797,MOLOACAN-644,CONCEPCION INFERIOR,CNIR,FMN,249,368,MR
798,MOLOACAN-644,ENCANTO,ENCT,FMN,368,791,MR
799,MOLOACAN-644,OLIGOCENO,OLGN,FMN,791,859,MR
800,MOLOACAN-645,CONCEPCION SUPERIOR,CNSR,FMN,0,231,MR
801,MOLOACAN-645,CONCEPCION INFERIOR,CNIR,FMN,231,315,MR
802,MOLOACAN-645,ENCANTO,ENCT,FMN,315,658,MR
803,MOLOACAN-646,CONCEPCION SUPERIOR,CNSR,FMN,0,220,MR
804,MOLOACAN-646,CONCEPCION INFERIOR,CNIR,FMN,220,310,MR
805,MOLOACAN-646,ENCANTO,ENCT,FMN,310,700,MR
806,MOLOACAN-647,FILISOLA,FLSL,FMN,0,134,MR
807,MOLOACAN-647,CONCEPCION SUPERIOR,CNSR,FMN,134,185,MR
808,MOLOACAN-647,CONCEPCION INFERIOR,CNIR,FMN,185,294,MR
809,MOLOACAN-647,ENCANTO,ENCT,FMN,294,700,MR
810,MOLOACAN-648,CONCEPCION SUPERIOR,CNSR,FMN,0,146,MR
811,MOLOACAN-648,CONCEPCION INFERIOR,CNIR,FMN,146,255,MR
812,MOLOACAN-648,ENCANTO,ENCT,FMN,255,705,MR
813,MOLOACAN-648D,CONCEPCION SUPERIOR,CNSR,FMN,0,255,MR
814,MOLOACAN-648D,ENCANTO,ENCT,FMN,255,460,MR
815,MOLOACAN-649,CONCEPCION SUPERIOR,CNSR,FMN,0,142,MR
816,MOLOACAN-649,CONCEPCION INFERIOR,CNIR,FMN,142,262,MR
817,MOLOACAN-649,ENCANTO,ENCT,FMN,262,712,MR
818,MOLOACAN-649,OLIGOCENO,OLGN,FMN,712,801,MR
819,MOLOACAN-649,ANHIDRITA,ANHI,FMN,801,802,MR
820,MOLOACAN-650,FILISOLA,FLSL,FMN,0,201,MR
821,MOLOACAN-650,CONCEPCION SUPERIOR,CNSR,FMN,201,327,MR
822,MOLOACAN-650,CONCEPCION INFERIOR,CNIR,FMN,327,455,MR
823,MOLOACAN-650,ENCANTO,ENCT,FMN,455,800,MR
824,MOLOACAN-651,FILISOLA,FLSL,FMN,0,172,MR
825,MOLOACAN-651,CONCEPCION SUPERIOR,CNSR,FMN,172,319,MR
826,MOLOACAN-651,CONCEPCION INFERIOR,CNIR,FMN,319,424,MR
827,MOLOACAN-651,ENCANTO,ENCT,FMN,424,625,MR
828,MOLOACAN-652,FILISOLA,FLSL,FMN,0,145,MR
829,MOLOACAN-652,CONCEPCION INFERIOR,CNIR,FMN,145,260,MR
830,MOLOACAN-652,ENCANTO,ENCT,FMN,260,638,MR
831,MOLOACAN-652,OLIGOCENO,OLGN,FMN,638,696,MR
832,MOLOACAN-653,FILISOLA,FLSL,FMN,0,152,MR
833,MOLOACAN-653,CONCEPCION SUPERIOR,CNSR,FMN,152,282,MR
834,MOLOACAN-653,CONCEPCION INFERIOR,CNIR,FMN,282,404,MR
835,MOLOACAN-653,ENCANTO,ENCT,FMN,404,650,MR
836,MOLOACAN-654,FILISOLA,FLSL,FMN,0,240,MR
837,MOLOACAN-654,CONCEPCION INFERIOR,CNIR,FMN,240,360,MR
838,MOLOACAN-654,ENCANTO,ENCT,FMN,360,775,MR
839,MOLOACAN-654,OLIGOCENO,OLGN,FMN,775,1078,MR
840,MOLOACAN-654,ANHIDRITA,ANHI,FMN,1078,1146,MR
841,MOLOACAN-655,FILISOLA,FLSL,FMN,0,130,MR
842,MOLOACAN-655,CONCEPCION SUPERIOR,CNSR,FMN,130,260,MR
843,MOLOACAN-655,CONCEPCION INFERIOR,CNIR,FMN,260,403,MR
844,MOLOACAN-655,ENCANTO,ENCT,FMN,403,800,MR
845,MOLOACAN-656,FILISOLA,FLSL,FMN,0,85,MR
846,MOLOACAN-656,CONCEPCION SUPERIOR,CNSR,FMN,85,200,MR
847,MOLOACAN-656,CONCEPCION INFERIOR,CNIR,FMN,200,296,MR
848,MOLOACAN-656,ENCANTO,ENCT,FMN,296,553,MR
849,MOLOACAN-656,OLIGOCENO,OLGN,FMN,553,571,MR
850,MOLOACAN-658,PARAJE SOLO,PJSL,FMN,0,206,MR
851,MOLOACAN-658,CONCEPCION SUPERIOR,CNSR,FMN,206,360,MR
852,MOLOACAN-658,CONCEPCION INFERIOR,CNIR,FMN,360,520,MR
853,MOLOACAN-658,ENCANTO,ENCT,FMN,520,750,MR
854,MOLOACAN-659,FILISOLA,FLSL,FMN,0,296,MR
855,MOLOACAN-659,CONCEPCION SUPERIOR,CNSR,FMN,296,453,MR
856,MOLOACAN-659,CONCEPCION INFERIOR,CNIR,FMN,453,858,MR
857,MOLOACAN-659,ENCANTO,ENCT,FMN,858,955,MR
858,MOLOACAN-660,FILISOLA,FLSL,FMN,0,116,MR
859,MOLOACAN-660,CONCEPCION SUPERIOR,CNSR,FMN,116,248,MR
860,MOLOACAN-660,CONCEPCION INFERIOR,CNIR,FMN,248,369,MR
861,MOLOACAN-660,ENCANTO,ENCT,FMN,369,810,MR
862,MOLOACAN-661,FILISOLA,FLSL,FMN,0,140,MR
863,MOLOACAN-661,CONCEPCION SUPERIOR,CNSR,FMN,140,265,MR
864,MOLOACAN-661,CONCEPCION INFERIOR,CNIR,FMN,265,376,MR
865,MOLOACAN-661,ENCANTO,ENCT,FMN,376,813,MR
866,MOLOACAN-661,OLIGOCENO,OLGN,FMN,813,964,MR
867,MOLOACAN-661,ANHIDRITA,ANHI,FMN,964,965,MR
868,MOLOACAN-662,FILISOLA,FLSL,FMN,0,30,MR
869,MOLOACAN-662,CONCEPCION SUPERIOR,CNSR,FMN,30,185,MR
870,MOLOACAN-662,CONCEPCION INFERIOR,CNIR,FMN,185,293,MR
871,MOLOACAN-662,ENCANTO,ENCT,FMN,293,640,MR
872,MOLOACAN-662,ANHIDRITA,ANHI,FMN,640,675,MR
873,MOLOACAN-663,CONCEPCION SUPERIOR,CNSR,FMN,0,180,MR
874,MOLOACAN-663,CONCEPCION INFERIOR,CNIR,FMN,180,265,MR
875,MOLOACAN-663,ENCANTO,ENCT,FMN,265,548,MR
876,MOLOACAN-663,ANHIDRITA,ANHI,FMN,548,554,MR
877,MOLOACAN-664,FILISOLA,FLSL,FMN,0,110,MR
878,MOLOACAN-664,CONCEPCION SUPERIOR,CNSR,FMN,110,225,MR
879,MOLOACAN-664,CONCEPCION INFERIOR,CNIR,FMN,225,339,MR
880,MOLOACAN-664,ENCANTO,ENCT,FMN,339,763,MR
881,MOLOACAN-664,ANHIDRITA,ANHI,FMN,763,765,MR
882,MOLOACAN-665,FILISOLA,FLSL,FMN,0,175,MR
883,MOLOACAN-665,CONCEPCION INFERIOR,CNIR,FMN,175,300,MR
884,MOLOACAN-665,ENCANTO,ENCT,FMN,300,565,MR
885,MOLOACAN-665,ANHIDRITA,ANHI,FMN,565,575,MR
886,MOLOACAN-666,FILISOLA,FLSL,FMN,0,78,MR
887,MOLOACAN-666,CONCEPCION SUPERIOR,CNSR,FMN,78,210,MR
888,MOLOACAN-666,CONCEPCION INFERIOR,CNIR,FMN,210,333,MR
889,MOLOACAN-666,ENCANTO,ENCT,FMN,333,730,MR
890,MOLOACAN-666,OLIGOCENO,OLGN,FMN,730,788,MR
891,MOLOACAN-666,ANHIDRITA,ANHI,FMN,788,794,MR
892,MOLOACAN-667,FILISOLA,FLSL,FMN,0,108,MR
893,MOLOACAN-667,CONCEPCION SUPERIOR,CNSR,FMN,108,168,MR
894,MOLOACAN-667,CONCEPCION INFERIOR,CNIR,FMN,168,268,MR
895,MOLOACAN-667,ENCANTO,ENCT,FMN,268,528,MR
896,MOLOACAN-667,ANHIDRITA,ANHI,FMN,528,539,MR
897,MOLOACAN-668,CONCEPCION SUPERIOR,CNSR,FMN,0,167,MR
898,MOLOACAN-668,CONCEPCION INFERIOR,CNIR,FMN,167,300,MR
899,MOLOACAN-668,ENCANTO,ENCT,FMN,300,783,MR
900,MOLOACAN-668,OLIGOCENO,OLGN,FMN,783,1036,MR
901,MOLOACAN-668,ANHIDRITA,ANHI,FMN,1036,1040,MR
902,MOLOACAN-669,FILISOLA,FLSL,FMN,0,223,MR
903,MOLOACAN-669,CONCEPCION SUPERIOR,CNSR,FMN,223,363,MR
904,MOLOACAN-669,CONCEPCION INFERIOR,CNIR,FMN,363,500,MR
905,MOLOACAN-669,ENCANTO,ENCT,FMN,500,800,MR
906,MOLOACAN-670,FILISOLA,FLSL,FMN,0,277,MR
907,MOLOACAN-670,CONCEPCION SUPERIOR,CNSR,FMN,277,435,MR
908,MOLOACAN-670,CONCEPCION INFERIOR,CNIR,FMN,435,502,MR
909,MOLOACAN-670,ENCANTO,ENCT,FMN,502,727,MR
910,MOLOACAN-670,OLIGOCENO,OLGN,FMN,727,775,MR
911,MOLOACAN-671,FILISOLA,FLSL,FMN,0,146,MR
912,MOLOACAN-671,CONCEPCION SUPERIOR,CNSR,FMN,146,284,MR
913,MOLOACAN-671,CONCEPCION INFERIOR,CNIR,FMN,284,426,MR
914,MOLOACAN-671,ENCANTO,ENCT,FMN,426,729,MR
915,MOLOACAN-671,ANHIDRITA,ANHI,FMN,729,730,MR
916,MOLOACAN-673,FILISOLA,FLSL,FMN,0,177,MR
917,MOLOACAN-673,CONCEPCION SUPERIOR,CNSR,FMN,177,246,MR
918,MOLOACAN-673,CONCEPCION INFERIOR,CNIR,FMN,246,365,MR
919,MOLOACAN-673,ENCANTO,ENCT,FMN,365,805,MR
920,MOLOACAN-673,OLIGOCENO,OLGN,FMN,805,914,MR
921,MOLOACAN-674,CONCEPCION SUPERIOR,CNSR,FMN,0,143,MR
922,MOLOACAN-674,CONCEPCION INFERIOR,CNIR,FMN,143,191,MR
923,MOLOACAN-674,ENCANTO,ENCT,FMN,191,700,MR
924,MOLOACAN-675,FILISOLA,FLSL,FMN,0,136,MR
925,MOLOACAN-675,CONCEPCION SUPERIOR,CNSR,FMN,136,264,MR
926,MOLOACAN-675,CONCEPCION INFERIOR,CNIR,FMN,264,312,MR
927,MOLOACAN-675,ENCANTO,ENCT,FMN,312,775,MR
928,MOLOACAN-676,FILISOLA,FLSL,FMN,0,112,MR
929,MOLOACAN-676,CONCEPCION SUPERIOR,CNSR,FMN,112,265,MR
930,MOLOACAN-676,CONCEPCION INFERIOR,CNIR,FMN,265,338,MR
931,MOLOACAN-676,ENCANTO,ENCT,FMN,338,800,MR
932,MOLOACAN-677,CONCEPCION SUPERIOR,CNSR,FMN,0,64,MR
933,MOLOACAN-677,CONCEPCION INFERIOR,CNIR,FMN,64,140,MR
934,MOLOACAN-677,ENCANTO,ENCT,FMN,140,475,MR
935,MOLOACAN-678,FILISOLA,FLSL,FMN,0,115,MR
936,MOLOACAN-678,CONCEPCION SUPERIOR,CNSR,FMN,115,252,MR
937,MOLOACAN-678,CONCEPCION INFERIOR,CNIR,FMN,252,392,MR
938,MOLOACAN-678,ENCANTO,ENCT,FMN,392,905,MR
939,MOLOACAN-678,OLIGOCENO,OLGN,FMN,905,1117,MR
940,MOLOACAN-679,PARAJE SOLO,PJSL,FMN,0,165,MR
941,MOLOACAN-679,FILISOLA,FLSL,FMN,165,300,MR
942,MOLOACAN-679,CONCEPCION SUPERIOR,CNSR,FMN,300,360,MR
943,MOLOACAN-679,ENCANTO,ENCT,FMN,360,790,MR
944,MOLOACAN-679,OLIGOCENO,OLGN,FMN,790,800,MR
945,MOLOACAN-680,FILISOLA,FLSL,FMN,0,259,MR
946,MOLOACAN-680,CONCEPCION INFERIOR,CNIR,FMN,259,386,MR
947,MOLOACAN-680,ENCANTO,ENCT,FMN,386,800,MR
948,MOLOACAN-680D,FILISOLA,FLSL,FMN,0,147,MR
949,MOLOACAN-680D,CONCEPCION SUPERIOR,CNSR,FMN,147,259,MR
950,MOLOACAN-680D,CONCEPCION INFERIOR,CNIR,FMN,259,386,MR
951,MOLOACAN-680D,ENCANTO,ENCT,FMN,386,565,MR
952,MOLOACAN-681,CONCEPCION SUPERIOR,CNSR,FMN,0,214,MR
953,MOLOACAN-681,ENCANTO,ENCT,FMN,214,625,MR
954,MOLOACAN-682,CONCEPCION SUPERIOR,CNSR,FMN,0,111,MR
955,MOLOACAN-682,CONCEPCION INFERIOR,CNIR,FMN,111,223,MR
956,MOLOACAN-682,ENCANTO,ENCT,FMN,223,638,MR
957,MOLOACAN-682,OLIGOCENO,OLGN,FMN,638,650,MR
958,MOLOACAN-683,CONCEPCION SUPERIOR,CNSR,FMN,0,147,MR
959,MOLOACAN-683,CONCEPCION INFERIOR,CNIR,FMN,147,263,MR
960,MOLOACAN-683,ENCANTO,ENCT,FMN,263,625,MR
961,MOLOACAN-684,FILISOLA,FLSL,FMN,0,116,MR
962,MOLOACAN-684,CONCEPCION SUPERIOR,CNSR,FMN,116,248,MR
963,MOLOACAN-684,CONCEPCION INFERIOR,CNIR,FMN,248,378,MR
964,MOLOACAN-684,ENCANTO,ENCT,FMN,378,750,MR
965,MOLOACAN-684D,FILISOLA,FLSL,FMN,0,116,MR
966,MOLOACAN-684D,CONCEPCION SUPERIOR,CNSR,FMN,116,248,MR
967,MOLOACAN-684D,CONCEPCION INFERIOR,CNIR,FMN,248,377,MR
968,MOLOACAN-684D,ENCANTO,ENCT,FMN,377,545,MR
969,MOLOACAN-685,CONCEPCION SUPERIOR,CNSR,FMN,0,281,MR
970,MOLOACAN-685,CONCEPCION INFERIOR,CNIR,FMN,281,401,MR
971,MOLOACAN-685,ENCANTO,ENCT,FMN,401,901,MR
972,MOLOACAN-685,OLIGOCENO,OLGN,FMN,901,1162,MR
973,MOLOACAN-685,ANHIDRITA,ANHI,FMN,1162,1185,MR
974,MOLOACAN-686,CONCEPCION SUPERIOR,CNSR,FMN,0,191,MR
975,MOLOACAN-686,CONCEPCION INFERIOR,CNIR,FMN,191,301,MR
976,MOLOACAN-686,ENCANTO,ENCT,FMN,301,700,MR
977,MOLOACAN-687,FILISOLA,FLSL,FMN,0,239,MR
978,MOLOACAN-687,CONCEPCION SUPERIOR,CNSR,FMN,239,427,MR
979,MOLOACAN-687,CONCEPCION INFERIOR,CNIR,FMN,427,553,MR
980,MOLOACAN-687,ENCANTO,ENCT,FMN,553,908,MR
981,MOLOACAN-687,OLIGOCENO,OLGN,FMN,908,942,MR
982,MOLOACAN-687,ANHIDRITA,ANHI,FMN,942,962,MR
983,MOLOACAN-688,FILISOLA,FLSL,FMN,0,217,MR
984,MOLOACAN-688,CONCEPCION INFERIOR,CNIR,FMN,217,353,MR
985,MOLOACAN-688,ENCANTO,ENCT,FMN,353,800,MR
986,MOLOACAN-689,FILISOLA,FLSL,FMN,0,206,MR
987,MOLOACAN-689,CONCEPCION INFERIOR,CNIR,FMN,206,320,MR
988,MOLOACAN-689,ENCANTO,ENCT,FMN,320,700,MR
989,MOLOACAN-690,FILISOLA,FLSL,FMN,0,95,MR
990,MOLOACAN-690,CONCEPCION SUPERIOR,CNSR,FMN,95,216,MR
991,MOLOACAN-690,CONCEPCION INFERIOR,CNIR,FMN,216,353,MR
992,MOLOACAN-690,ENCANTO,ENCT,FMN,353,800,MR
993,MOLOACAN-691,FILISOLA,FLSL,FMN,0,116,MR
994,MOLOACAN-691,CONCEPCION SUPERIOR,CNSR,FMN,116,257,MR
995,MOLOACAN-691,CONCEPCION INFERIOR,CNIR,FMN,257,395,MR
996,MOLOACAN-691,ENCANTO,ENCT,FMN,395,943,MR
997,MOLOACAN-691,OLIGOCENO,OLGN,FMN,943,950,MR
998,MOLOACAN-692,FILISOLA,FLSL,FMN,0,237,MR
999,MOLOACAN-692,CONCEPCION INFERIOR,CNIR,FMN,237,380,MR
1000,MOLOACAN-692,ENCANTO,ENCT,FMN,380,900,MR
1001,MOLOACAN-693,FILISOLA,FLSL,FMN,0,110,MR
1002,MOLOACAN-693,CONCEPCION SUPERIOR,CNSR,FMN,110,249,MR
1003,MOLOACAN-693,CONCEPCION INFERIOR,CNIR,FMN,249,383,MR
1004,MOLOACAN-693,ENCANTO,ENCT,FMN,383,850,MR
1005,MOLOACAN-694,FILISOLA,FLSL,FMN,0,101,MR
1006,MOLOACAN-694,CONCEPCION SUPERIOR,CNSR,FMN,101,227,MR
1007,MOLOACAN-694,CONCEPCION INFERIOR,CNIR,FMN,227,364,MR
1008,MOLOACAN-694,ENCANTO,ENCT,FMN,364,800,MR
1009,MOLOACAN-695,FILISOLA,FLSL,FMN,0,145,MR
1010,MOLOACAN-695,CONCEPCION SUPERIOR,CNSR,FMN,145,257,MR
1011,MOLOACAN-695,CONCEPCION INFERIOR,CNIR,FMN,257,298,MR
1012,MOLOACAN-695,ENCANTO,ENCT,FMN,298,865,MR
1013,MOLOACAN-696,FILISOLA,FLSL,FMN,0,89,MR
1014,MOLOACAN-696,CONCEPCION SUPERIOR,CNSR,FMN,89,227,MR
1015,MOLOACAN-696,CONCEPCION INFERIOR,CNIR,FMN,227,361,MR
1016,MOLOACAN-696,ENCANTO,ENCT,FMN,361,898,MR
1017,MOLOACAN-696,OLIGOCENO,OLGN,FMN,898,950,MR
1018,MOLOACAN-697,CONCEPCION SUPERIOR,CNSR,FMN,0,80,MR
1019,MOLOACAN-697,CONCEPCION INFERIOR,CNIR,FMN,80,145,MR
1020,MOLOACAN-697,ENCANTO,ENCT,FMN,145,450,MR
1021,MOLOACAN-698,FILISOLA,FLSL,FMN,0,221,MR
1022,MOLOACAN-698,CONCEPCION INFERIOR,CNIR,FMN,221,339,MR
1023,MOLOACAN-698,ENCANTO,ENCT,FMN,339,806,MR
1024,MOLOACAN-698,OLIGOCENO,OLGN,FMN,806,900,MR
1025,MOLOACAN-698D,CONCEPCION SUPERIOR,CNSR,FMN,0,196,MR
1026,MOLOACAN-698D,CONCEPCION INFERIOR,CNIR,FMN,196,315,MR
1027,MOLOACAN-698D,ENCANTO,ENCT,FMN,135,520,MR
1028,MOLOACAN-699,CONCEPCION SUPERIOR,CNSR,FMN,0,171,MR
1029,MOLOACAN-699,CONCEPCION INFERIOR,CNIR,FMN,171,288,MR
1030,MOLOACAN-699,ENCANTO,ENCT,FMN,288,570,MR
1031,MOLOACAN-7,CONCEPCION SUPERIOR,CNSR,FMN,0,217,MR
1032,MOLOACAN-7,ENCANTO,ENCT,FMN,217,513,MR
1033,MOLOACAN-7,OLIGOCENO,OLGN,FMN,513,775,MR
1034,MOLOACAN-7,ANHIDRITA,ANHI,FMN,775,777,MR
1035,MOLOACAN-700,CONCEPCION SUPERIOR,CNSR,FMN,0,155,MR
1036,MOLOACAN-700,CONCEPCION INFERIOR,CNIR,FMN,155,290,MR
1037,MOLOACAN-700,ENCANTO,ENCT,FMN,290,700,MR
1038,MOLOACAN-700D,FILISOLA,FLSL,FMN,0,215,MR
1039,MOLOACAN-700D,CONCEPCION INFERIOR,CNIR,FMN,215,317,MR
1040,MOLOACAN-700D,ENCANTO,ENCT,FMN,317,470,MR
1041,MOLOACAN-701,CONCEPCION SUPERIOR,CNSR,FMN,0,223,MR
1042,MOLOACAN-701,CONCEPCION INFERIOR,CNIR,FMN,223,343,MR
1043,MOLOACAN-701,ENCANTO,ENCT,FMN,343,800,MR
1044,MOLOACAN-702,FILISOLA,FLSL,FMN,0,153,MR
1045,MOLOACAN-702,CONCEPCION SUPERIOR,CNSR,FMN,153,294,MR
1046,MOLOACAN-702,CONCEPCION INFERIOR,CNIR,FMN,294,430,MR
1047,MOLOACAN-702,ENCANTO,ENCT,FMN,430,1299,MR
1048,MOLOACAN-703,FILISOLA,FLSL,FMN,0,238,MR
1049,MOLOACAN-703,CONCEPCION INFERIOR,CNIR,FMN,238,378,MR
1050,MOLOACAN-703,ENCANTO,ENCT,FMN,378,800,MR
1051,MOLOACAN-704,FILISOLA,FLSL,FMN,0,204,MR
1052,MOLOACAN-704,CONCEPCION INFERIOR,CNIR,FMN,204,331,MR
1053,MOLOACAN-704,ENCANTO,ENCT,FMN,331,800,MR
1054,MOLOACAN-705,FILISOLA,FLSL,FMN,0,240,MR
1055,MOLOACAN-705,CONCEPCION INFERIOR,CNIR,FMN,240,340,MR
1056,MOLOACAN-705,ENCANTO,ENCT,FMN,340,750,MR
1057,MOLOACAN-706,CONCEPCION SUPERIOR,CNSR,FMN,0,208,MR
1058,MOLOACAN-706,CONCEPCION INFERIOR,CNIR,FMN,208,342,MR
1059,MOLOACAN-706,ENCANTO,ENCT,FMN,342,700,MR
1060,MOLOACAN-708,FILISOLA,FLSL,FMN,0,230,MR
1061,MOLOACAN-708,CONCEPCION INFERIOR,CNIR,FMN,230,379,MR
1062,MOLOACAN-708,ENCANTO,ENCT,FMN,379,800,MR
1063,MOLOACAN-711,FILISOLA,FLSL,FMN,0,150,MR
1064,MOLOACAN-711,CONCEPCION SUPERIOR,CNSR,FMN,150,284,MR
1065,MOLOACAN-711,CONCEPCION INFERIOR,CNIR,FMN,284,410,MR
1066,MOLOACAN-711,ENCANTO,ENCT,FMN,410,825,MR
1067,MOLOACAN-712,FILISOLA,FLSL,FMN,0,248,MR
1068,MOLOACAN-712,CONCEPCION INFERIOR,CNIR,FMN,248,375,MR
1069,MOLOACAN-712,ENCANTO,ENCT,FMN,375,750,MR
1070,MOLOACAN-712D,FILISOLA,FLSL,FMN,0,250,MR
1071,MOLOACAN-712D,CONCEPCION INFERIOR,CNIR,FMN,250,375,MR
1072,MOLOACAN-712D,ENCANTO,ENCT,FMN,375,550,MR
1073,MOLOACAN-713,FILISOLA,FLSL,FMN,0,211,MR
1074,MOLOACAN-713,CONCEPCION INFERIOR,CNIR,FMN,211,329,MR
1075,MOLOACAN-713,ENCANTO,ENCT,FMN,329,725,MR
1076,MOLOACAN-713,OLIGOCENO,OLGN,FMN,725,800,MR
1077,MOLOACAN-714,FILISOLA,FLSL,FMN,0,165,MR
1078,MOLOACAN-714,CONCEPCION SUPERIOR,CNSR,FMN,165,289,MR
1079,MOLOACAN-714,CONCEPCION INFERIOR,CNIR,FMN,289,410,MR
1080,MOLOACAN-714,ENCANTO,ENCT,FMN,410,850,MR
1081,MOLOACAN-715,CONCEPCION SUPERIOR,CNSR,FMN,0,185,MR
1082,MOLOACAN-715,CONCEPCION INFERIOR,CNIR,FMN,185,275,MR
1083,MOLOACAN-715,ENCANTO,ENCT,FMN,275,650,MR
1084,MOLOACAN-716,FILISOLA,FLSL,FMN,0,150,MR
1085,MOLOACAN-716,CONCEPCION INFERIOR,CNIR,FMN,150,248,MR
1086,MOLOACAN-716,ENCANTO,ENCT,FMN,248,690,MR
1087,MOLOACAN-716,OLIGOCENO,OLGN,FMN,690,700,MR
1088,MOLOACAN-717,FILISOLA,FLSL,FMN,0,180,MR
1089,MOLOACAN-717,CONCEPCION INFERIOR,CNIR,FMN,180,295,MR
1090,MOLOACAN-717,ENCANTO,ENCT,FMN,295,750,MR
1091,MOLOACAN-718,CONCEPCION SUPERIOR,CNSR,FMN,0,210,MR
1092,MOLOACAN-718,CONCEPCION INFERIOR,CNIR,FMN,210,346,MR
1093,MOLOACAN-718,ENCANTO,ENCT,FMN,346,800,MR
1094,MOLOACAN-719,CONCEPCION SUPERIOR,CNSR,FMN,0,275,MR
1095,MOLOACAN-719,CONCEPCION INFERIOR,CNIR,FMN,275,410,MR
1096,MOLOACAN-719,ENCANTO,ENCT,FMN,410,750,MR
1097,MOLOACAN-720,CONCEPCION SUPERIOR,CNSR,FMN,0,280,MR
1098,MOLOACAN-720,CONCEPCION INFERIOR,CNIR,FMN,280,415,MR
1099,MOLOACAN-720,ENCANTO,ENCT,FMN,415,800,MR
1100,MOLOACAN-721,CONCEPCION SUPERIOR,CNSR,FMN,0,152,MR
1101,MOLOACAN-721,CONCEPCION INFERIOR,CNIR,FMN,152,276,MR
1102,MOLOACAN-721,ENCANTO,ENCT,FMN,276,700,MR
1103,MOLOACAN-722,CONCEPCION SUPERIOR,CNSR,FMN,0,210,MR
1104,MOLOACAN-722,CONCEPCION INFERIOR,CNIR,FMN,210,330,MR
1105,MOLOACAN-722,ENCANTO,ENCT,FMN,330,800,MR
1106,MOLOACAN-8,CONCEPCION SUPERIOR,CNSR,FMN,0,246,MR
1107,MOLOACAN-8,ENCANTO,ENCT,FMN,246,674,MR
1108,MOLOACAN-8,OLIGOCENO,OLGN,FMN,674,854,MR
1109,MOLOACAN-8,ANHIDRITA,ANHI,FMN,854,856,MR
1110,MOLOACAN-801,FILISOLA,FLSL,FMN,0,210,MR
1111,MOLOACAN-801,CONCEPCION SUPERIOR,CNSR,FMN,210,312,MR
1112,MOLOACAN-801,CONCEPCION INFERIOR,CNIR,FMN,312,430,MR
1113,MOLOACAN-801,ENCANTO,ENCT,FMN,430,900,MR
1114,MOLOACAN-802,FILISOLA,FLSL,FMN,0,250,MR
1115,MOLOACAN-802,CONCEPCION SUPERIOR,CNSR,FMN,250,360,MR
1116,MOLOACAN-802,CONCEPCION INFERIOR,CNIR,FMN,360,465,MR
1117,MOLOACAN-802,ENCANTO,ENCT,FMN,465,951,MR
1118,MOLOACAN-803,FILISOLA,FLSL,FMN,0,125,MR
1119,MOLOACAN-803,CONCEPCION SUPERIOR,CNSR,FMN,125,293,MR
1120,MOLOACAN-803,CONCEPCION INFERIOR,CNIR,FMN,293,410,MR
1121,MOLOACAN-803,ENCANTO,ENCT,FMN,410,822,MR
1122,MOLOACAN-804,FILISOLA,FLSL,FMN,0,280,MR
1123,MOLOACAN-804,CONCEPCION SUPERIOR,CNSR,FMN,280,389,MR
1124,MOLOACAN-804,CONCEPCION INFERIOR,CNIR,FMN,389,495,MR
1125,MOLOACAN-804,ENCANTO,ENCT,FMN,495,1000,MR
1126,MOLOACAN-806,PARAJE SOLO,PJSL,FMN,0,268,MR
1127,MOLOACAN-806,FILISOLA,FLSL,FMN,268,386,MR
1128,MOLOACAN-806,CONCEPCION SUPERIOR,CNSR,FMN,386,518,MR
1129,MOLOACAN-806,ENCANTO,ENCT,FMN,518,950,MR
1130,MOLOACAN-807,CONCEPCION SUPERIOR,CNSR,FMN,0,170,MR
1131,MOLOACAN-807,CONCEPCION INFERIOR,CNIR,FMN,170,385,MR
1132,MOLOACAN-807,ENCANTO,ENCT,FMN,385,930,MR
1133,MOLOACAN-807,OLIGOCENO,OLGN,FMN,930,1000,MR
1134,MOLOACAN-812,FILISOLA,FLSL,FMN,0,280,MR
1135,MOLOACAN-812,CONCEPCION INFERIOR,CNIR,FMN,280,410,MR
1136,MOLOACAN-812,ENCANTO,ENCT,FMN,410,850,MR
1137,MOLOACAN-813,FILISOLA,FLSL,FMN,0,207,MR
1138,MOLOACAN-813,ENCANTO,ENCT,FMN,207,290,MR
1139,MOLOACAN-813,CONCEPCION INFERIOR,CNIR,FMN,290,800,MR
1140,MOLOACAN-816,PARAJE SOLO,PJSL,FMN,0,248,MR
1141,MOLOACAN-816,FILISOLA,FLSL,FMN,248,350,MR
1142,MOLOACAN-816,CONCEPCION SUPERIOR,CNSR,FMN,350,378,MR
1143,MOLOACAN-816,CONCEPCION INFERIOR,CNIR,FMN,378,496,MR
1144,MOLOACAN-816,ENCANTO,ENCT,FMN,496,900,MR
1145,MOLOACAN-821,FILISOLA,FLSL,FMN,0,290,MR
1146,MOLOACAN-821,CONCEPCION SUPERIOR,CNSR,FMN,290,400,MR
1147,MOLOACAN-821,CONCEPCION INFERIOR,CNIR,FMN,400,500,MR
1148,MOLOACAN-821,ENCANTO,ENCT,FMN,500,1444,MR
1149,MOLOACAN-821,ANHIDRITA,ANHI,FMN,1444,1449,MR
1150,MOLOACAN-822,FILISOLA,FLSL,FMN,0,283,MR
1151,MOLOACAN-822,CONCEPCION SUPERIOR,CNSR,FMN,283,385,MR
1152,MOLOACAN-822,CONCEPCION INFERIOR,CNIR,FMN,385,495,MR
1153,MOLOACAN-822,ENCANTO,ENCT,FMN,495,950,MR
1154,MOLOACAN-826,FILISOLA,FLSL,FMN,0,350,MR
1155,MOLOACAN-826,CONCEPCION SUPERIOR,CNSR,FMN,350,465,MR
1156,MOLOACAN-826,CONCEPCION INFERIOR,CNIR,FMN,465,565,MR
1157,MOLOACAN-826,ENCANTO,ENCT,FMN,565,1050,MR
1158,MOLOACAN-831,FILISOLA,FLSL,FMN,0,250,MR
1159,MOLOACAN-831,CONCEPCION INFERIOR,CNIR,FMN,250,370,MR
1160,MOLOACAN-831,ENCANTO,ENCT,FMN,370,800,MR
1161,MOLOACAN-832,FILISOLA,FLSL,FMN,0,292,MR
1162,MOLOACAN-832,CONCEPCION INFERIOR,CNIR,FMN,292,415,MR
1163,MOLOACAN-832,ENCANTO,ENCT,FMN,415,825,MR
1164,MOLOACAN-836,FILISOLA,FLSL,FMN,0,250,MR
1165,MOLOACAN-836,CONCEPCION SUPERIOR,CNSR,FMN,250,360,MR
1166,MOLOACAN-836,CONCEPCION INFERIOR,CNIR,FMN,360,475,MR
1167,MOLOACAN-836,ENCANTO,ENCT,FMN,475,1000,MR
1168,MOLOACAN-842,FILISOLA,FLSL,FMN,0,295,MR
1169,MOLOACAN-842,CONCEPCION SUPERIOR,CNSR,FMN,295,421,MR
1170,MOLOACAN-842,CONCEPCION INFERIOR,CNIR,FMN,421,530,MR
1171,MOLOACAN-842,ENCANTO,ENCT,FMN,530,1028,MR
1172,MOLOACAN-842,OLIGOCENO,OLGN,FMN,1028,1287,MR
1173,MOLOACAN-842,ANHIDRITA,ANHI,FMN,1287,1294,MR
1174,MOLOACAN-844,FILISOLA,FLSL,FMN,0,337,MR
1175,MOLOACAN-844,CONCEPCION SUPERIOR,CNSR,FMN,337,445,MR
1176,MOLOACAN-844,CONCEPCION INFERIOR,CNIR,FMN,445,550,MR
1177,MOLOACAN-844,ENCANTO,ENCT,FMN,550,1050,MR
1178,MOLOACAN-847,FILISOLA,FLSL,FMN,0,270,MR
1179,MOLOACAN-847,CONCEPCION SUPERIOR,CNSR,FMN,270,390,MR
1180,MOLOACAN-847,CONCEPCION INFERIOR,CNIR,FMN,390,495,MR
1181,MOLOACAN-847,ENCANTO,ENCT,FMN,495,1045,MR
1182,MOLOACAN-847,OLIGOCENO,OLGN,FMN,1045,1375,MR
1183,MOLOACAN-851,FILISOLA,FLSL,FMN,0,240,MR
1184,MOLOACAN-851,CONCEPCION INFERIOR,CNIR,FMN,240,350,MR
1185,MOLOACAN-851,ENCANTO,ENCT,FMN,350,800,MR
1186,MOLOACAN-856,FILISOLA,FLSL,FMN,0,227,MR
1187,MOLOACAN-856,CONCEPCION SUPERIOR,CNSR,FMN,227,335,MR
1188,MOLOACAN-856,CONCEPCION INFERIOR,CNIR,FMN,335,445,MR
1189,MOLOACAN-856,ENCANTO,ENCT,FMN,445,1005,MR
1190,MOLOACAN-856,OLIGOCENO,OLGN,FMN,1005,1098,MR
1191,MOLOACAN-856,ANHIDRITA,ANHI,FMN,1098,1130,MR
1192,MOLOACAN-857,CONCEPCION SUPERIOR,CNSR,FMN,0,137,MR
1193,MOLOACAN-857,CONCEPCION INFERIOR,CNIR,FMN,137,300,MR
1194,MOLOACAN-857,ENCANTO,ENCT,FMN,300,800,MR
1195,MOLOACAN-861,FILISOLA,FLSL,FMN,0,300,MR
1196,MOLOACAN-861,CONCEPCION SUPERIOR,CNSR,FMN,300,433,MR
1197,MOLOACAN-861,CONCEPCION INFERIOR,CNIR,FMN,433,551,MR
1198,MOLOACAN-861,ENCANTO,ENCT,FMN,551,1166,MR
1199,MOLOACAN-861,OLIGOCENO,OLGN,FMN,1166,1491,MR
1200,MOLOACAN-862,FILISOLA,FLSL,FMN,0,345,MR
1201,MOLOACAN-862,CONCEPCION SUPERIOR,CNSR,FMN,345,452,MR
1202,MOLOACAN-862,CONCEPCION INFERIOR,CNIR,FMN,452,555,MR
1203,MOLOACAN-862,ENCANTO,ENCT,FMN,555,1050,MR
1204,MOLOACAN-863,FILISOLA,FLSL,FMN,0,275,MR
1205,MOLOACAN-863,CONCEPCION SUPERIOR,CNSR,FMN,275,405,MR
1206,MOLOACAN-863,CONCEPCION INFERIOR,CNIR,FMN,405,515,MR
1207,MOLOACAN-863,ENCANTO,ENCT,FMN,515,1000,MR
1208,MOLOACAN-865,FILISOLA,FLSL,FMN,0,342,MR
1209,MOLOACAN-865,CONCEPCION SUPERIOR,CNSR,FMN,342,456,MR
1210,MOLOACAN-865,CONCEPCION INFERIOR,CNIR,FMN,456,559,MR
1211,MOLOACAN-865,ENCANTO,ENCT,FMN,559,1000,MR
1212,MOLOACAN-891,CONCEPCION INFERIOR,CNIR,FMN,0,228,MR
1213,MOLOACAN-891,ENCANTO,ENCT,FMN,228,695,MR
1214,MOLOACAN-891,OLIGOCENO,OLGN,FMN,695,781,MR
1215,MOLOACAN-893,CONCEPCION SUPERIOR,CNSR,FMN,0,222,MR
1216,MOLOACAN-893,ENCANTO,ENCT,FMN,222,698,MR
1217,MOLOACAN-893,OLIGOCENO,OLGN,FMN,698,770,MR
1218,MOLOACAN-895,CONCEPCION SUPERIOR,CNSR,FMN,0,230,MR
1219,MOLOACAN-895,ENCANTO,ENCT,FMN,230,650,MR
1220,MOLOACAN-979,FILISOLA,FLSL,FMN,0,255,MR
1221,MOLOACAN-979,CONCEPCION SUPERIOR,CNSR,FMN,255,370,MR
1222,MOLOACAN-979,CONCEPCION INFERIOR,CNIR,FMN,370,430,MR
1223,MOLOACAN-979,ENCANTO,ENCT,FMN,430,999,MR
1224,MOLOACAN-979,OLIGOCENO,OLGN,FMN,999,1025,MR
1225,MOLOACAN-994,PARAJE SOLO,PJSL,FMN,0,140,MR
1226,MOLOACAN-994,FILISOLA,FLSL,FMN,140,495,MR
1227,MOLOACAN-994,CONCEPCION SUPERIOR,CNSR,FMN,495,545,MR
1228,MOLOACAN-994,CONCEPCION INFERIOR,CNIR,FMN,545,745,MR
1229,MOLOACAN-994,ENCANTO,ENCT,FMN,745,1220,MR
1230,MOLOACAN-994,OLIGOCENO,OLGN,FMN,1220,1385,MR
